ABM,SAP / DEALER CODE,DEALER NAME,PIN CODE,CONTACT #,KAM / EMM,LOCATION,GOOGLE LOCATION
DEEPIKA,1132082,KAMAL WATCH CO P LTD,500001,9032332057,KAM,"Abids Road, Bogulkunta","kamal watch co Shop No.18, Beside Bata, Metro Estates, Abids Road - Google Search"
DEEPIKA,1133441,KAMAL WATCH CO P LTD,500048,9121000650,KAM,"Rajendranagar, Attapur",Kamal Watch Co. - Attapur - Google Maps
DEEPIKA,1133533,KAMAL WATCH CO P LTD,500060,9121165178,KAM,"Dilsukhnagar, Hyderabad",https://www.google.com/maps/place/Kamal+Watch+Co.+-+Dilsukh+Nagar/data=!4m2!3m1!1s0x0:0x758888a03ebf4cac?sa=X&ved=1t:2428&ictx=111
DEEPIKA,1112976,KAMAL WATCH CO P LTD,500060,9121000312,KAM,"Chaitanyapuri, Dilsukhnagar",Kamal Watch Co. - Dilsukhnagar - Google Maps
DEEPIKA,1128470,KAMAL WATCH CO P LTD,500049,9121000837,KAM,"Miyapur, Hyderabad",Kamal Watch Co. - GSM Mall & Multiplex - Google Maps
DEEPIKA,1128909,KAMAL WATCH CO P LTD,500039,9121000314,KAM,"Uppal, Secunderabad",Kamal Watch Co. - DSL Virtue Mall - Google Maps
DEEPIKA,9021532,NEW GLOBE WATCH CO,500016,8106111101,KAm," X Road, Ameerpet",Globe Watch & Services - Google Maps
DEEPIKA,1140759,KAMAL WATCH CO P LTD,500081,9052359252,KAm,"Hitech City Rd, opposite Google",Kamal Watch Co. - Hitech Fashion - Google Maps
DEEPIKA,1127481,KAMAL WATCH CO P LTD,500084,9121000835,KAm," Kondapur, Whitefields",Kamal Watch Co. - Sarath City Capital Mall - Google Maps
DEEPIKA,1122438,KAMAL WATCH CO P LTD,500072,9121000840,KAm,"K P H B Phase 6, Kukatpally",Kamal Watch Co. - Nexus Hyderabad Mall - Google Maps
RATNAKAR,1115900,KAMAL WATCH CO P LTD,530003,9121000768,KAM,"Ramatalkies Rd, Assilametta junction",Kamal Watch Co. - Balaji Towers - Google Maps
RATNAKAR,1117255,KAMAL WATCH CO P LTD,530013,9121000482,KAM,"New Resapuvanipalem, Maddelapalem",Kamal Watch Co. - CMR Central Mall - Google Maps
RATNAKAR,1122434,KAMAL WATCH CO P LTD,520010,9121000481,KAM,"LABBIPET, OPP: Chennupati Petrol Bunk",Kamal Watch Co. - PVP square - Google Maps
RATNAKAR,1123966,KAMAL WATCH CO PVT LTD,533003,9121000547,KAM,"Beside Appolo Hospital, Main Road",https://www.google.com/maps/place/Kamal+Watch+Co.+-+Kakinada/data=!4m2!3m1!1s0x0:0xc44dd36c0203caca?sa=X&ved=1t:2428&ictx=111
RATNAKAR,1126579,KAMAL WATCH CO PVT LTD,533005,9121000548,KAM,"Pithapuram Road, Near Sarpavaram Junction",Kamal Watch Co. - SRMT Mall - Google Maps
VINAY,9007088,GALAXY WATCH WORKS,575001,9900771444,KAM,"Vishwa Bhavan bustand, Hampankatta",https://maps.app.goo.gl/RvRnx9e3GZ9rKyTa8
VINAY,9007107,MANASA TIME AND OPTICALS,574201,9448004162,KAM,"Main Road, Puttur, Karnataka 574201",https://maps.app.goo.gl/Xpt9yj7fK6PSScCX9
VINAY,9014431,ABHARAN JEWELLERS PRIVATE LIMITED,576201,7349187866,KAM,"Belmankar Lane, Kundapura",The Original Abharan Jewellers | Kundapur - Google Maps
VINAY,9032192,LONDON TIMES,576101,9343162649,KAM,"Maruthi Veethika, Udupi",https://maps.app.goo.gl/2B9dLeQkt8RTnaVF6
VINAY,1101256,SYMPHONY HOUSE OF MUSIC,585102,9845352545,KAM,"Maktampura, Kalaburagi",https://maps.app.goo.gl/o4RgNN965zMmRYnq9
VINAY,9004199,ATTITUDE THE WATCH STUDIO,590001,9886776969,KAM,"Raviwar Peth, Belagavi",https://maps.app.goo.gl/Cq2KgJWeMUo1frph8
VINAY,9004203,HANUMAN WATCH COMPANY,590001,9986436037,KAM,"Raviwar Peth, Belagavi",https://maps.app.goo.gl/4bwVcLYsFj5ZhuMEA
VINAY,9004374,VIJAY WATCH & RADIO HOUSE-DVG,577002,9738662225,KAM,"PB Rd, KB Extension, Davanagere",https://maps.app.goo.gl/syCT2gMo5ggtGDjB9
VINAY,9021209,COSTA TIME COLLECTION(RAGHAVI BLDG),403601,9822157927,KAM,"Rangavi building, near Margao",https://maps.app.goo.gl/ZxGZXfbw2kGUdChM7
VINAY,9021224,PRECISON,403601,9822157927,KAM,"MUNICIPAL MARKET, Sanscar Society, Madgaon",https://maps.app.goo.gl/GYKR26R2E7UGYpWp9
MANJUNATH,9016275,SRI DURGA TIMES,560097,9341374734,KAM,"Narasipura Layout, Vidyaranyapura",TITAN SHOWROOM SRI DURGA TIMES - Google Maps
MANJUNATH,9001739,NEW ANKAD TIMES,560064,9845078279,KAM,"MIG Sector B, Yelahanka New Town",NEW ANKAD TIMES - Google Maps
MANJUNATH,9001687,JINNANI TIMES,560003,9886114407,KAM,"opp. central library, Malleshwaram",JINNANI TIMES - Google Maps
MANJUNATH,9000976,SHREE RENUKA ENTERPRISES,560098,9972928668,KAM,"BEML Layout, Rajarajeshwari Nagar",Titan Show Room (Shree Renuka Enterprises). - Google Maps
MANJUNATH,9000900,AADHUNICK TIME & FASHION,,9880933035,KAM,"Kothnur Main Rd, Puttenahalli",AADHUNICK TIME & FASHION - Google Maps
MANJUNATH,9024690,AADHUNICK TIMES ,560078,9606570771,KAM,"Ramaiah Garden, JP Nagar 7th Phase",Aadhunick Times Titan Showroom - Google Maps
MANJUNATH,9001784,RAJA TIME WORLD,572101,9686664599,KAM,"CSI Layout, Tumakuru",RAJA TIME WORLD - Google Maps
MANJUNATH,9037578,TIME WORLD,,9880075392,KAM,"OPP SAMUDAYA BHAVANA, ARISHINAKUNTE POST, NELAMANGALA",Titan Watch Store ( Time World) - Google Maps
MANJUNATH,9033638,UDAYA TIMES,560056,8123532983,KAM,"Srigandada Kaval, Annapurneshwari Nagar",Uday times WATCHES STORE - Google Maps
MANJUNATH,9038650,SRI SHIVANANDI ENTERPRISES,560040,8123532983,KAM,"Hoshalli Extension, Stage 1, VIJAYNAGAR",SRI SHIVANANDI ENTERPRISES - Google Maps
MANJUNATH,9027027,SRI NANDI ENTERPRISES,560109,9980574498,KAM,"Opposite to KSIT college,Raghuvanahalli",Titan showroom ( SRI NANDI ENTERPRISES ) - Google Maps
MANJUNATH,9038812,SRI NANDI ENTERPRISES,560063,9900574470,KAM,"opp. to NITESH COLUMBUS SQUARE, Bagalur",Titan Watch Outlet (Sri Nandi Enterprises) - Google Maps
MANJUNATH,9001780,"MANOJ TIME AGENCY
",572101,9740677777,KAM,"Vokkaligara Sangha Complex, Tumakuru",Manoj Time Agencies - Google Maps
MANJUNATH,1117699,NAVNIKH TIMES,560011,9481783701,KAM ,"Opp to Royal Comfort hotel, 4th Block Jaya Nagar",NAVNIKH TIMES - Google Maps
AKHILA,9038699,WORLD OF WATCHES,560003,7337725262,KAM,"opp. lalitha jewellery, Malleshwaram",World of Watches - Google Maps
AKHILA,9000017,OM WATCH CENTRE,570001,9845717514,KAM,"Devaraj Urs Road,MYSORE,",OM watch center - Google Maps
AKHILA,9000009,SHAKTHI MARKETING,560009,7411647597,KAM,"KEMPEGOWDA COMMERCIAL ARCADE, COUPON MALL, K.G.ROAD",SHAKTHI MARKETING - Google Maps
AKHILA,9016457,Maharaja Times - K.G Road,560009,9980994234,KAM,"Kempegowda Complex,K.G Road",Maharaja Times - Google Maps
AKHILA,9034764,SRI GAJANANA ENTERPRISES,560099,9845982089,KAM," OPP. R.K GREEN LAND, ANEKAL MAIN ROAD",Titan Watch Showroom - Google Maps
AKHILA,9020393,SRI GAJANANA ENTERPRISES,560091,9845982089,KAM," NEXT TO FEET FASHION & ROYAL MART, BYADERAHALLI",SRI GAJANANA ENTERPRISES - Google Maps
AKHILA,9034931,TIME STUDIO,560038,9945644888,KAM,"Next to KFC, CMH Road, Indranagar",times studio - Google Maps
AKHILA,9024724,GANAVI TIMES,560072,7338029802,KAM,"2 STAGE, NAGARBHAVI,",Titan Show Room(Ganavi times) - Google Maps
AKHILA,9000071,WORLD OF WATCHES,570001,9342188799,KAM," NEXT TO REYMONDS SHOP, DEVARAJ URS ROAD",World Of Watches - Google Maps
AKHILA,1132367,SWISS TIME HOUSE RETAIL PVT LTD,560023,9606562389 / 9447187770,KAM,"1st floor, Lulu Fashion Store, Binnipete",1946 swiss time pvt ltd lulu mall bangalore - Google Search
AKHILA,1140689,SWISS GROUP INDIA PVT LTD,560048,9742595340,KAM,"WHITEFIELD MAIN ROAD, MAHADEVPURA, VR MALL",swiss time lulu vr bangalore - Google Search
RAVI,9003988,SRI RAMA WATCH CENTER,520002,9246466172,KAM,"SWARNALOK COMPLEX, ELURU ROAD",SRI RAMA WATCH CENTER - Google Maps
RAVI,9003990,SRI SAI WATCH CENTRE,520002,9246466172,KAM,"SRI RAM CHIT BUILDING,  ELURU ROAD",SRI SAI WATCH CENTRE - Google Maps