f,Zone,Grade,Store Name,Space Code,W,H,Material,D,Qty,"Sq,ft.",Cost,Level,Inventory Medium,Inventory Type,Location,Category
1,East,A,Kol Elgin,12GFBL2,26'',92'',Backlit Fabric with silicon strip,,1,16.29166667,,0,Backlit,Pillar,Non-apps,Non-apps
2,East,A,Kol 1,12GFSV1,13.5'',55.5'',Translit Film ,,6,#VALUE!,,0,Frontlit,Sensomatic,Fragrance,Beauty
3,East,A,Kol Elgin,12SFBL1,36'',110'',Backlit Fabric with silicon strip,,1,27.11805556,,2,Backlit,Façade,Mens Denim,Mens
4,East,A,Kol 1,12GFFL1,48'',97'',Grey Back Vinyl ,,1,32.33333333,,0,Frontlit,Pillar,Beauty,Beauty
5,East,A,Kol 1,12SWFL3,96'',78'',Grey Back Vinyl ,,1,52,,0,Frontlit,Stairway,Ladies,Ladies
6,East,A,Kol 1,12FFFL2,42'',91'',Eco solvent self adhesive vinyl with matt lamination,,1,26.54166667,,1,Frontlit,Pillar,Indian Wear,Ladies
7,East,A,Kol 1,12GFW1,115'',115'',Backlit Flex,,1,91.84027778,,0,Frontlit,Façade,Generic,Generic
8,East,A,Kol 1,12FFFL3,31'',91'',Eco solvent self adhesive vinyl with matt lamination,,1,19.27430556,,1,Frontlit,Pillar,Indian Wear,Ladies
9,East,A,Kol 1,12FFFL4,40'',91'',Eco solvent self adhesive vinyl with matt lamination,,1,25.27777778,,1,Frontlit,Pillar,Indian Wear,Ladies
10,East,A,Kol 1,12FFFL5,42'',91'',Eco solvent self adhesive vinyl with matt lamination,,1,26.54166667,,1,Frontlit,Pillar,Ladies Western,Ladies
11,East,A,Kol Elgin,12FFFL6,30'',91'',Eco solvent self adhesive vinyl with matt lamination,,1,18.95833333,,1,Frontlit,Pillar,Ladies Western,Ladies
12,East,A,Kol 1,12FFFL7,31'',92'',Eco solvent self adhesive vinyl with matt lamination,,1,19.38020833,,1,Frontlit,Pillar,Ladies Western,Ladies
13,East,A,Kol Elgin,12FFFL8,213'',37'',Eco solvent self adhesive vinyl with matt lamination,,1,54.72916667,,1,Frontlit,Pillar,Ladies,Ladies
14,East,A,Kol Elgin,12SFFL5,26'',91'',Eco solvent self adhesive vinyl with matt lamination,,1,16.11458333,,2,Frontlit,Pillar,Mens Denim,Mens
15,East,A,Kol Elgin,12SWFL7,49'',96'',Eco solvent self adhesive vinyl with matt lamination,,1,32.33333333,,2,Frontlit,Stairway,Mens Formal,Mens
16,East,A,Kol Elgin,12SWFL5,48'',95'',Eco solvent self adhesive vinyl with matt lamination,,1,31.66666667,,1,Frontlit,Stairway,Mens Denim,Mens
17,East,A,Kol 1,12SFCC1,30'',41'',Backlit Fabric with silicon strip,,1,8.541666667,,2,Backlit,Cash Counter,Mens Denim,Mens
18,East,A,Kol 1,12SFFL1,38'',91'',Backlit Fabric with silicon strip,,1,23.69791667,,2,Frontlit,Pillar,Kids,Kids
19,East,A,Kol 1,12SFFL2,41'',91'',Backlit Fabric with silicon strip,,1,25.59375,,2,Frontlit,Pillar,Kids,Kids
20,East,A,Kol 1,12SFFL3,30'',91'',Backlit Fabric with silicon strip,,1,18.64236111,,2,Frontlit,Pillar,Kids,Kids
21,East,A,Kol 1,12SFFL6,30'',91'',Eco solvent self adhesive vinyl with matt lamination,,1,18.95833333,,2,Frontlit,Pillar,Mens Denim,Mens
22,East,A,Kol 1,12SFFL7,41'',91'',Backlit Fabric with silicon strip,,1,25.59375,,2,Frontlit,Pillar,Mens Denim,Mens
23,East,A,Kol 1,12TFCC1,48'',41'',Backlit Fabric with silicon strip,,1,13.52430556,,3,Backlit,Cash Counter,Mens Formal,Mens
24,East,A,Kol 1,12SWFL1,48'',97'',Eco solvent self adhesive vinyl with matt lamination,,1,32.16666667,,0,Frontlit,Stairway,Generic,Generic
25,East,A,Kol 1,12SWFL2,48'',96'',Eco solvent self adhesive vinyl with matt lamination,,1,32,,0,Frontlit,Stairway,Ladies,Ladies
26,East,A,Kol 1,12SWFL3,96'',78'',Eco solvent self adhesive vinyl with matt lamination,,1,52,,0,Frontlit,Stairway,Ladies,Ladies
27,East,A,Kol 1,12SWFL4,48'',97'',Eco solvent self adhesive vinyl with matt lamination,,1,32.16666667,,1,Frontlit,Stairway,Generic,Generic
28,East,A,Kol 1,12SWFL10,96'',134'',Eco solvent self adhesive vinyl with matt lamination,,1,89.33333333,,2,Frontlit,Stairway,Mens Formal,Mens
29,East,A,Kol 1,12GFFL2,20'',91'',Eco solvent self adhesive vinyl with matt lamination,,1,12.63888889,,0,Frontlit,Pillar,Ladies Footwear,Leather
30,East,A,Kol 1,12GFFL3,23'',89'',Eco solvent self adhesive vinyl with matt lamination,,1,14.21527778,,0,Frontlit,Pillar,Fragrance,Beauty
31,East,A,Kol 1,12GFFL4,217'',36'',Eco solvent self adhesive vinyl with matt lamination,,1,54.25,,0,Frontlit,Pillar,Non-apps,Non-apps
32,East,A,Kol 1,12GFBL1,60'',110'',BACKLIT FLEX,,1,45.45138889,,0,Backlit,Pillar,Fragrance,Beauty
33,East,A,Kol 1,12GFBL3,29'',109'',Backlit Fabric with silicon strip,,1,21.57291667,,0,Backlit,Pillar,Watches,Non-apps
34,East,A,Kol 1,12GFSV2,16.5'',52'',Translit Film ,,4,#VALUE!,,0,Frontlit,Sensomatic,Fragrance,Beauty
35,East,A,Kol 1,12GFSV3,13'',52'',Translit Film ,,4,4.694444444,,0,Frontlit,Sensomatic,Non-apps,Non-apps
36,East,A,Kol 1,12GFW2,,,Recce,,,,,0,Frontlit,Window,Generic,Generic
37,East,A,Kol 1,12GFW3,68'',66'',BACKLIT FLEX ,,1,31.16666667,,0,Backlit,Façade,Generic,Generic
38,East,A,Kol 1,12GFW4,66'',72'',BACKLIT FLEX ,,1,33,,0,Backlit,Façade,Generic,Generic
39,East,A,Kol 1,12FFBL1,30'',109'',Backlit Fabric with silicon strip,,1,22.70833333,,1,Backlit,Façade,Ladies,Ladies
40,East,A,Kol 1,12FFCC1,48'',41'',Backlit Fabric with silicon strip,,1,13.52430556,,1,Backlit,Cash Counter,Ladies,Ladies
41,East,A,Kol 1,12FFFL1,42'',91'',Eco solvent self adhesive vinyl with matt lamination,,1,26.54166667,,1,Frontlit,Pillar,Indian Wear,Ladies
42,East,A,Kol 1,12FFSV1,27'',56'',FL FABRIC,,1,10.5,,1,Frontlit,Pillar,Ladies,Ladies
43,East,A,Kol 1,12SFFL4,40'',91'',Eco solvent self adhesive vinyl with matt lamination,,1,24.96180556,,2,Frontlit,Pillar,Mens Denim,Mens
44,East,A,Kol 1,12SFSV1,17'',52'',Vinyl Translit ,,6,5.958333333,,2,Frontlit,Sensomatic,Mens Denim,Mens
45,East,A,Kol 1,12TFBL1,32'',110'',Backlit Fabric with silicon strip,,1,24.44444444,,3,Backlit,Façade,Mens Formal,Mens
46,East,A,Kol 1,12TFFL1,89'',115'',Vinyl + Sunboard ,,1,71.07638889,,3,Frontlit,Pillar,Mens Formal,Mens
47,East,A,Kol 1,12TFFL2,,,Recce,,,,,3,Frontlit,Pillar,Mens Formal,Mens
48,East,A,Kol 1,12TFFL3,,,Recce,,,,,3,Frontlit,Pillar,Mens Formal,Mens
49,East,A,Kol 1,12TFSV1,31.5,109,Backlit Fabric with silicon strip,,1,23.84375,,3,Frontlit,Sensomatic,Mens Formal,Mens
50,East,A,Kol 1,12SWFL6,96,78,Eco solvent self adhesive vinyl with matt lamination,,1,52,,1,Frontlit,Stairway,Mens Denim,Mens
51,East,A,Kol 1,12SWFL8,48,96,Vinyl + Sunboard ,,1,32,,2,Frontlit,Stairway,Mens Formal,Mens
52,East,A,Kol 1,12SWFL9,96,78,Eco solvent self adhesive vinyl with matt lamination,,1,52,,2,Frontlit,Stairway,Mens Formal,Mens
,,,,,,,,,,,,,,,,
1,East,A,Kol 2,15L2SOH3,,,Actual,,,,,1,Backlit,Pillar,Kids,Kids
2,East,A,Kol 2,15FFCC2,14'4'',3'10'',Backlit Fabric with silicon strip,,1,,,1,Backlit,Cash Counter,Mens ,Mens 
3,East,A,Kol -2,15GFSV2,15'',59'',ESML,,4,6.145833333,,0,Frontlit,Sensomatic,Fragrance,Beauty
4,East,A,Kol -2,15GFW7,200'',87'',FLEX,,1,120.8333333,,0,Frontlit,Window,Generic,Generic
5,East,A,Kol-2,15L1SOH6,39'',99'',Backlit Fabric with silicon strip,,1,26.46875,,0,Backlit,Pillar,Non-apps,Non-apps
6,East,A,Kol 2,15L1SOH9,43'',124'',Backlit Fabric with silicon strip,,1,36.59722222,,0,Backlit,Pillar,Ladies Western,Ladies
7,East,A,Kol 2,15L1SOH10,45'',123'',Backlit Fabric with silicon strip,,1,38.01041667,,0,Backlit,Pillar,Indian Wear,Ladies
8,East,A,Kol 2,15L1SOH14,41'',121'',Backlit Fabric with silicon strip,,1,34.45138889,,0,Backlit,Pillar,Women Athleisure,Ladies
9,East,A,Kol 2,15L2W1,154'',83'',Backlit Fabric with silicon strip,,1,88.7810625,,,,,,
10,East,A,Kol Salt Lake,15L2SOH2,760'',83'',Backlit Fabric with silicon strip,,1,438.425,,1,Backlit,Pillar,Ugs,Mens
11,East,A,Kol 2,15L2SOH4,760'',83'',Backlit Fabric with silicon strip,,1,438.425,,1,Backlit,Pillar,Mens Footwear,Leather
12,East,A,Kol 2,15L2SOH7,30'',83'',Backlit Fabric with silicon strip,,1,17.00347222,,1,Backlit,Pillar,Mens Formal,Mens
13,East,A,Kol 2,15L2SOH8,30'',83'',Backlit Fabric with silicon strip,,1,16.90104167,,1,Backlit,Pillar,Mens Denim,Mens
14,East,A,Kol Salt Lake,15L2SOH9,30'',84'',Backlit Fabric with silicon strip,,1,17.39583333,,1,Backlit,Pillar,Mens Denim,Mens
15,East,A,Kol 2,15L2SOH10,30'',84'',Backlit Fabric with silicon strip,,1,17.39583333,,1,Backlit,Pillar,Mens Athleisure,Mens
16,East,A,Kol 2,15L2SOH11,30'',84'',Backlit Fabric with silicon strip,,1,17.39583333,,1,Backlit,Pillar,Kids,Kids
17,East,A,Kol 2,15GFW5,190'',85'',FLEX,,1,112.1527778,,0,Frontlit,Window,Generic,Generic
18,East,A,Kol 2,15GFW6,203'',84'',FLEX,,1,118.4166667,,0,Frontlit,Window,Generic,Generic
19,East,A,Kol 2,15L1SOH5,27'',99'',Backlit Fabric with silicon strip,,1,18.21875,,0,Backlit,Pillar,Fragrance,Beauty
20,East,A,Kol 2,15GFSV1,14'',56'',ESML,,3,5.444444444,,0,Frontlit,Sensomatic,Fragrance,Beauty
21,East,A,Kol 2,15GFW7,200'',87'',FLEX,,1,120.8333333,,0,Frontlit,Window,Generic,Generic
22,East,A,Kol 2,15L1SOH1,42'',100'',UV BL Fabric,,1,29.16666667,,0,Backlit,Pillar,Watches,Non-apps
23,East,A,Kol 2,15L1SOH2,41'',100'',UV BL Fabric,,1,28.47222222,,0,Backlit,Pillar,Watches,Non-apps
24,East,A,Kol 2,15L1SOH3,42'',100'',UV BL Fabric,,1,29.16666667,,0,Backlit,Pillar,Sunglass,Non-apps
25,East,A,Kol 2,15L1SOH4,37'',98'',Backlit Fabric with silicon strip,,1,25.05208333,,0,Backlit,Pillar,Fragrance,Beauty
26,East,A,Kol 2,15L1SOH7,39'',99'',Backlit Fabric with silicon strip,,1,26.8125,,0,Backlit,Pillar,Beauty,Beauty
27,East,A,Kol 2,15L1SOH8,41'',122'',Backlit Fabric with silicon strip,,1,34.73611111,,0,Backlit,Pillar,Ladies Western,Ladies
28,East,A,Kol 2,15L1SOH11,45'',123'',Backlit Fabric with silicon strip,,1,38.4375,,0,Backlit,Pillar,Indian Wear,Ladies
29,East,A,Kol 2,15L1SOH12,42'',123'',Backlit Fabric with silicon strip,,1,35.875,,0,Backlit,Pillar,Indian Wear,Ladies
30,East,A,Kol 2,15L1SOH13,44'',123'',Backlit Fabric with silicon strip,,1,37.58333333,,0,Backlit,Pillar,Indian Wear,Ladies
31,East,A,Kol 2,15L1SOH15,41'',123'',Backlit Fabric with silicon strip,,1,35.02083333,,0,Backlit,Pillar,Lingerie,Ladies
32,East,A,Kol 2,15L1SOH16,57'',102'',Backlit Fabric with silicon strip,,1,40.02083333,,0,Backlit,Pillar,Ladies Western,Ladies
33,East,A,Kol 2,15GFCC1,172'',46'',Backlit Fabric with silicon strip,,2pc,54.94444444,,0,Backlit,Cash Counter,Generic,Generic
34,East,A,Kol 2,15GFSV3,,,Actual,,,,,0,Frontlit,Sensomatic,Non-apps,Non-apps
35,East,A,Kol 2,15FFW1,153'',91'',Backlit Fabric with silicon strip,,1,96.6875,,1,Backlit,Window,Mens,Mens
36,East,A,Kol 2,15L2SOH1,30'',83'',Backlit Fabric with silicon strip,,1,17.00347222,,1,Backlit,Pillar,Luggage,Luggage
37,East,A,Kol 2,15L2SOH5,30'',83'',Backlit Fabric with silicon strip,,1,17.00347222,,1,Backlit,Pillar,Mens Denim,Mens
38,East,A,Kol 2,15L2SOH6,35'',83'',Backlit Fabric with silicon strip,,1,20.34026458,,1,Backlit,Pillar,Mens Formal,Mens
39,East,A,Kol 2,15FFCC1,,,VM ASKED THERE IS NO VISUAL,,,,,1,Backlit,Cash Counter,Mens ,Mens 
40,East,A,Kol 2,15DS01,,,,,,,,1,Digital,Cash Counter,Generic,Generic
41,East,A,Kol 2,15DS02,,,,,,,,0,Digital,Façade,Generic,Generic
42,East,A,Kol 2,15FFSV1,16'',56'',VOSB BOX 5MM,,2,6.166666667,,1,Frontlit,Sensomatic,Mens,Mens
43,East,A,Kol 2,15GFW1,107'',96'',Backlit Fabric with silicon strip,,1,71.33333333,,0,Backlit,Window,Fragrance,Beauty
44,East,A,Kol 2,15GFW2,107'',96'',Backlit Fabric with silicon strip,,1,71.33333333,,0,Backlit,Window,Generic,Generic
45,East,A,Kol 2,15GFW3,107'',96'',Backlit Fabric with silicon strip,,1,71.33333333,,0,Backlit,Window,Generic,Generic
46,East,A,Kol 2,15GFW4,157'',77'',Backlit Fabric with silicon strip,,1,83.95138889,,0,Backlit,Window,Generic,Generic
47,East,A,Kol 2,15GFW8,166'',88'',FLEX,,1,101.4444444,,0,Frontlit,Window,Generic,Generic
,,,,,,,,,,,,,,,,
1,East,A,Kol 3,28GFSOH11,76'',101'',Eco Solvent Self adhesive vinyl with matt lamination,,1,53.30555556,,0,Frontlit,Pillar,Ladies Western,Ladies
2,East,A,Kol 3,28GFSOH1,34'',96'',ESML,,1,,,,,,,
3,East,A,Kol 3,28GFSOH12,33'',93'',Eco Solvent Self adhesive vinyl with matt lamination,,1,20.87673611,,0,Frontlit,Pillar,Ladies Western,Ladies
4,East,A,Kol 3,28GFSOH13,35'',95'',Eco Solvent Self adhesive vinyl with matt lamination,,1,23.09027778,,0,Frontlit,Pillar,Ladies Western,Ladies
5,East,A,Kol 3,28GFSOH14,37'',143'',Eco Solvent Self adhesive vinyl with matt lamination,,1,36.74305556,,0,Frontlit,Pillar,Ladies Western,Ladies
6,East,A,Kol 3,28GFSOH16A,33'',101'',Eco Solvent Self adhesive vinyl with matt lamination,,1,23.14583333,,0,Frontlit,Pillar,Kids Infant,Kids
7,East,A,Kol South City,28GFSOH18,34'',102'',Eco Solvent Self adhesive vinyl with matt lamination,,1,24.08333333,,0,Frontlit,Pillar,Generic,Generic
8,East,A,Kol South City,28FFSOH10,36'',102'',Eco Solvent Self adhesive vinyl with matt lamination,,1,25.5,,1,Frontlit,Pillar,Mens Denim,Mens
9,East,A,Kol South City,28FFSOH14,40'',96'',VOSB,,1,26.33333333,,1,Frontlit,Pillar,Mens Formal,Mens
10,East,A,Kol South City,28GFSOH16,33'',101'',Eco Solvent Self adhesive vinyl with matt lamination,,1,23.14583333,,0,Frontlit,Pillar,Kids Infant,Kids
11,East,A,Kol 3,28GFSOH19,34'',101'',Eco Solvent Self adhesive vinyl with matt lamination,,1,23.84722222,,0,Frontlit,Pillar,Generic,Generic
12,East,A,Kol 3,28GFSOH20,25'',95'',Eco Solvent Self adhesive vinyl with matt lamination,,1,16.49305556,,0,Frontlit,Pillar,Kids,Kids
13,East,A,Kol 3,28FFSOH11,33'',101'',Eco Solvent Self adhesive vinyl with matt lamination,,1,23.14583333,,1,Frontlit,Pillar,Mens Athleisure,Mens
14,East,A,Kol 3,28FFSOH12,33'',101'',Eco Solvent Self adhesive vinyl with matt lamination,,1,23.14583333,,1,Frontlit,Pillar,Mens Athleisure,Mens
15,East,A,Kol 3,28FFSOH13,36'',102'',Eco Solvent Self adhesive vinyl with matt lamination,,1,25.375,,1,Frontlit,Pillar,Mens Athleisure,Mens
16,East,A,Kol 3,28ODW5,120'',108'',FLEX,,1,90,,0,Frontlit,Window,Generic,Generic
17,East,A,Kol 3,28ODW6,10',9',FLEX,,1,0.625,,0,Frontlit,Window,Generic,Generic
18,East,A,Kol 3,28ODW7,120'',108'',FLEX,3'' bleed,1,90,,0,Frontlit,Window,Generic,Generic
19,East,A,Kol 3,28ODW8,120'',108'',FLEX,,1,90,,0,Frontlit,Window,Generic,Generic
20,East,A,Kol South City,28ESC1,151'',104'',Grey Back Vinyl ,,1,109.0555556,,1,Frontlit,Stairway,Generic,Generic
21,East,A,Kol 3,28FFSV1,16'',56''  [ 10'']gap below,ESML,"7""",14,#VALUE!,,1,Frontlit,Sensomatic,Mens,Mens
22,East,A,Kol 3,28ODW1,98”,121” [ w-2 - small ],FLEX,,1,,,,,,,
23,East,A,Kol 3,28ODW2,150''  ,122 [ w- 1- Big Window,FLEX,,1,,,0,Frontlit,Window,Fragrance,Beauty
24,East,A,Kol 3,28ODW3,123'',108'',FLEX,,1,92.25,,0,Frontlit,Window,Generic,Generic
25,East,A,Kol 3,28ODW9,09'',93'',FLEX,,1,5.8125,,0,Frontlit,Window,Generic,Generic
26,East,A,Kol 3,28GFSOH1,"34""","96""",Eco Solvent Self adhesive vinyl with matt lamination,,1,#VALUE!,,0,Frontlit,Pillar,Fragrance,Beauty
27,East,A,Kol 3,28GFSOH2,25'',95'',Eco Solvent Self adhesive vinyl with matt lamination,,1,16.49305556,,0,Frontlit,Pillar,Fragrance,Beauty
28,East,A,Kol 3,28GFSOH3,33'',95'',VINYL ,,1,21.77083333,,0,Frontlit,Pillar,Non-apps,Non-apps
29,East,A,Kol 3,28GFSOH4,35'',107'',Vinyl on sunboard ,,1,26.00694444,,0,Frontlit,Pillar,Indian Wear,Ladies
30,East,A,Kol 3,28GFSOH5,42'',102'',Backlit Fabric with silicon strip,,1,29.39583333,,0,Frontlit,Pillar,Fragrance,Beauty
31,East,A,Kol 3,28GFSOH6,"27""","99""",Backlit Fabric with silicon strip,,1,#VALUE!,,0,Backlit,Pillar,Fragrance,Beauty
32,East,A,Kol 3,28GFSOH7,29'',107'',Eco Solvent Self adhesive vinyl with matt lamination,,1,21.17708333,,0,Backlit,Pillar,Indian Wear,Ladies
33,East,A,Kol 3,28GFSOH8,35'',101'',Eco Solvent Self adhesive vinyl with matt lamination,,1,24.54861111,,0,Frontlit,Pillar,Lingerie,Ladies
34,East,A,Kol 3,28GFSOH9,35'',101'',Eco Solvent Self adhesive vinyl with matt lamination,,1,24.54861111,,0,Frontlit,Pillar,Lingerie,Ladies
35,East,A,Kol 3,28GFSOH10,35'',101'',Eco Solvent Self adhesive vinyl with matt lamination,,1,24.54861111,,0,Frontlit,Pillar,Lingerie,Ladies
36,East,A,Kol 3,28GFSOH15,23'',96'',Eco Solvent Self adhesive vinyl with matt lamination,,1,14.921875,,0,Frontlit,Pillar,Kids,Kids
37,East,A,Kol 3,28GFSOH17,23'',96'',Eco Solvent Self adhesive vinyl with matt lamination,,1,14.921875,,0,Frontlit,Pillar,Kids,Kids
38,East,A,Kol 3,28GFCC1,139'',68'',Eco Solvent Self adhesive vinyl with matt lamination,,1,65.63888889,,0,Frontlit,Cash Counter,Non-apps,Non-apps
39,East,A,Kol 3,28GFCC2,60'',48'',Eco Solvent Self adhesive vinyl with matt lamination,,1,20,,0,Backlit,Cash Counter,Generic,Generic
40,East,A,Kol 3,28GFSV1,16'',58'',VOSB BOX,,4,6.444444444,,0,Frontlit,Sensomatic,Non-apps,Non-apps
41,East,A,Kol 3,28FFSOH1,31'',101'',Eco Solvent Self adhesive vinyl with matt lamination,,1,21.39236111,,1,Frontlit,Pillar,Mens Denim,Mens
42,East,A,Kol 3,28FFSOH2,35'',101'',Eco Solvent Self adhesive vinyl with matt lamination,,1,24.54861111,,1,Frontlit,Pillar,Mens Denim,Mens
43,East,A,Kol 3,28FFSOH3,36'',102'',Eco Solvent Self adhesive vinyl with matt lamination,,1,25.5,,1,Frontlit,Pillar,Mens Denim,Mens
44,East,A,Kol 3,28FFSOH4,36'',102'',Eco Solvent Self adhesive vinyl with matt lamination,,1,25.5,,1,Frontlit,Pillar,Mens Denim,Mens
45,East,A,Kol 3,28FFSOH5,36'',102'',Eco Solvent Self adhesive vinyl with matt lamination,,1,25.5,,1,Frontlit,Pillar,Mens Denim,Mens
46,East,A,Kol 3,28FFSOH6,35'',101'',Eco Solvent Self adhesive vinyl with matt lamination,,1,24.54861111,,1,Frontlit,Pillar,Ugs,Mens
47,East,A,Kol 3,28FFSOH7,35'',101'',Eco Solvent Self adhesive vinyl with matt lamination,,1,24.54861111,,1,Frontlit,Pillar,Ugs,Mens
48,East,A,Kol 3,28FFSOH8,35'',101'',Eco Solvent Self adhesive vinyl with matt lamination,,1,24.54861111,,1,Frontlit,Pillar,Ugs,Mens
49,East,A,Kol 3,28FFSOH9,36'',102'',Eco Solvent Self adhesive vinyl with matt lamination,,1,25.5,,1,Frontlit,Pillar,Ugs,Mens
,,,,,,,,,,,,,,,,
50,East,A,Kol 3,28ODW4,125'',114'',Black Back Frontlit Flex ,,1,98.95833333,,0,Frontlit,Window,Generic,Generic
51,East,A,Kol 3,28ODW10,312'',144'',,,1,312,,0,Frontlit,Window,Generic,Generic
52,East,A,Kol 3,28ESC2,151'',104'',Eco Solvent Self adhesive vinyl with matt lamination,,1,109.0555556,,1,Frontlit,Stairway,Generic,Generic
53,East,A,Kol 3,28ESC3,122'',70'',Eco Solvent Self adhesive vinyl with matt lamination,,1,59.30555556,,1,Backlit,Stairway,Generic,Generic
54,East,A,Kol 3,28DS01,,,ACTUAL PICTURE,,,,,1,Digital,Stairway,Generic,Generic
55,East,A,Kol 3,28DS02,,,ACTUAL PICTURE,,,,,1,Digital,Stairway,Generic,Generic
,,,,,,,,,,,,,,,,
1,East,B,Kol Acropolis,88SFSOH2,68'',101'',Eco Solvent Self adhesive vinyl with matt lamination,,1,47.86979167,,2,Frontlit,Pillar,Mens Athleisure,Mens
2,East,B,Kol Acropolis,88GFSOH3,27'',108'',Eco Solvent Self adhesive vinyl with matt lamination,,1,20.1,,0,Frontlit,Pillar,Watches,Non-apps
3,East,B,Kol Acropolis,88GFSOH4,2'3'',9',Eco Solvent Self adhesive vinyl with matt lamination,,1,#VALUE!,,0,Frontlit,Pillar,Beauty,Beauty
4,East,B,Kol Acropolis,88GFSOH5,95'',32'',Eco Solvent Self adhesive vinyl with matt lamination,,1,21.11111111,,0,Frontlit,Cash Counter,Ladies,Ladies
5,East,B,Kol Acropolis,88GFW1,324'',138'',Eco Solvent Self adhesive vinyl with matt lamination,,1,310.5,,0,Frontlit,Window,Generic,Generic
6,East,B,Kol Acropolis,88GFW2,266'',130'',Eco Solvent Self adhesive vinyl with matt lamination,,1,240.1388889,,0,Frontlit,Window,Generic,Generic
7,East,B,Kol Acropolis,88GFW3,266'',145'',Eco Solvent Self adhesive vinyl with matt lamination,,1,267.8472222,,0,Frontlit,Window,Generic,Generic
8,East,B,Kol Acropolis,88GFW4,199'',118'',Eco Solvent Self adhesive vinyl with matt lamination,,1,#VALUE!,,0,Frontlit,Window,Beauty,Beauty
9,East,B,Kol Acropolis,88FFSOH1,69'',108'',Eco Solvent Self adhesive vinyl with matt lamination,,1,51.79111111,,1,Frontlit,Pillar,Kids,Kids
10,East,B,Kol Acropolis,88FFSOH2,37'',109'',Eco Solvent Self adhesive vinyl with matt lamination,,1,27.85555556,,1,Frontlit,Pillar,Kids,Kids
11,East,B,Kol Acropolis,88FFSOH3,37'',109'',Eco Solvent Self adhesive vinyl with matt lamination,,1,28.00694444,,1,Frontlit,Pillar,Kids,Kids
12,East,B,Kol Acropolis,88FFSOH7,46'',103'',Eco Solvent Self adhesive vinyl with matt lamination,,1,33.05305556,,1,Frontlit,Pillar,Ladies Western,Ladies
13,East,B,Kol Acropolis,88FFSOH8,46'',103'',Eco Solvent Self adhesive vinyl with matt lamination,,1,32.90277778,,1,Frontlit,Pillar,Ladies Western,Ladies
14,East,B,Kol Acropolis,88FFSOH11,32'',131'',Eco Solvent Self adhesive vinyl with matt lamination,,1,29,,1,Frontlit,Pillar,Kids,Kids
15,East,B,Kol Acropolis,88FFW1,86'',130'',Eco Solvent Self adhesive vinyl with matt lamination,,1,77.63888889,,1,Frontlit,Window,Ladies,Ladies
16,East,B,Kol Acropolis,88FFSV1,17'',51'',Eco Solvent Self adhesive vinyl with matt lamination,,6,6.020833333,,1,Frontlit,Sensomatic,Ladies,Ladies
17,East,B,Kol Acropolis,88SFSOH3,40'',71'',Backlit Fabric with silicon strip,,1,19.47569444,,2,Frontlit,Pillar,Mens Formal,Mens
18,East,B,Kol Acropolis,88SFSOH7,43'',113'',Eco Solvent Self adhesive vinyl with matt lamination,,1,33.74305556,,2,Frontlit,Pillar,Mens Denim,Mens
19,East,B,Kol Acropolis,88SFSOH9,43'',113'',Eco Solvent Self adhesive vinyl with matt lamination,,1,33.74305556,,2,Backlit,Pillar,Mens Athleisure,Mens
20,East,B,Kol Acropolis,88SFCC1,260'',81'',Backlit Fabric with silicon strip,,1,145.3472222,,2,Backlit,Cash Counter,Mens,Mens
21,East,B,Kol Acropolis,88SFW1,86'',130'',Eco Solvent Self adhesive vinyl with matt lamination,,1,77.63888889,,2,Frontlit,Window,Mens,Mens
22,East,B,Kol Acropolis,88SFSV1,16'',52'',TRANSLIT FILM ,,6,5.777777778,,2,Frontlit,Sensomatic,Mens,Mens
23,East,B,Kol Acropolis,88GFSOH1,40'',124'',Eco Solvent Self adhesive vinyl with matt lamination,,1,34.44444444,,0,Frontlit,Pillar,Fragrance,Beauty
24,East,B,Kol Acropolis,88GFSOH2,,,Actual,,,,,0,Frontlit,Pillar,Watches,Non-apps
25,East,B,Kol Acropolis,88GFSOH6,,,Actual,,,,,0,Frontlit,Pillar,Indian Wear,Ladies
26,East,B,Kol Acropolis,88GFSV1,21'',62'',VINYL ON SUNBOARD [ Actual ],,3,9.041666667,,0,Frontlit,Sensomatic,Non-apps,Non-apps
27,East,B,Kol Acropolis,88FFSOH4,37'',109'',Eco Solvent Self adhesive vinyl with matt lamination,,1,28.00694444,,1,Frontlit,Pillar,Kids,Kids
28,East,B,Kol Acropolis,88FFSOH5,27'',109'',Eco Solvent Self adhesive vinyl with matt lamination,,1,20.4375,,1,Frontlit,Pillar,Ladies Western,Ladies
29,East,B,Kol Acropolis,88FFSOH6,,,Actual,,,,,1,Frontlit,Pillar,Ladies Western,Ladies
30,East,B,Kol Acropolis,88FFSOH9,27'',109'',Eco Solvent Self adhesive vinyl with matt lamination,,1,20.4375,,1,Backlit,Pillar,Lingerie,Ladies
31,East,B,Kol Acropolis,88FFSOH10,27'',109'',Eco Solvent Self adhesive vinyl with matt lamination,,1,20.4375,,1,Backlit,Pillar,Lingerie,Ladies
32,East,B,Kol Acropolis,88FFSOH12,43'',113'',Eco Solvent Self adhesive vinyl with matt lamination,,1,33.74305556,,1,Frontlit,Pillar,Kids,Kids
33,East,B,Kol Acropolis,88FFSOH13,48'',109'',Backlit Fabric with silicon strip,,1,35.95486111,,1,Frontlit,Pillar,Kids,Kids
34,East,B,Kol Acropolis,88FFSOH14,,,Actual,,,,,1,Frontlit,Pillar,Kids,Kids
35,East,B,Kol Acropolis,88FFCC1,249'',84'',Backlit Fabric with silicon strip,,1,145.25,,1,Backlit,Cash Counter,Ladies,Ladies
36,East,B,Kol Acropolis,88SFSOH1,,,Actual,,,,,2,Frontlit,Pillar,Mens Formal,Mens
37,East,B,Kol Acropolis,88SFSOH4,69'',101'',Eco Solvent Self adhesive vinyl with matt lamination,,1,48.04513889,,2,Frontlit,Pillar,Mens Formal,Mens
38,East,B,Kol Acropolis,88SFSOH5,40'',129'',Eco Solvent Self adhesive vinyl with matt lamination,,1,35.38541667,,2,Frontlit,Pillar,Mens Denim,Mens
39,East,B,Kol Acropolis,88SFSOH6,,,Actual,,,,,2,Frontlit,Pillar,Mens Denim,Mens
40,East,B,Kol Acropolis,88SFSOH8,43'',113'',Eco Solvent Self adhesive vinyl with matt lamination,,1,,,2,Frontlit,Pillar,Mens Denim,Mens
41,East,B,Kol Acropolis,88SFSOH10,43'',113'',Eco Solvent Self adhesive vinyl with matt lamination,,1,33.74305556,,2,Frontlit,Pillar,Mens Athleisure,Mens
42,East,B,Kol Acropolis,88SFSOH11,43'',113'',Eco Solvent Self adhesive vinyl with matt lamination,,1,33.74305556,,2,Frontlit,Pillar,Luggage,Mens
43,East,B,Kol Acropolis,88DS01,,,ACTUAL PICTURE,,,,,0,Digital,Cash Counter,Generic,Generic
,,,,,,,,,,,,,,,,
1,East,C,Kol 4,257L1SOH4,36'',107'',Eco Solvent Self adhesive vinyl with matt lamination,,1,26.25520833,,0,Frontlit,Pillar,Non-apps,Non-apps
2,East,C,Kol 4,257L1SOH7,24'',102'',Eco Solvent Self adhesive vinyl with matt lamination,,1,17,,0,Frontlit,Pillar,Indian Wear,Ladies
3,East,C,Kol 4,257L1SOH11,85'',90'',Eco Solvent Self adhesive vinyl with matt lamination,,1,53.325,,0,Frontlit,Façade,Generic,Generic
4,East,C,Kol 4,257L2SOH1,48'',125'',Eco Solvent Self adhesive vinyl with matt lamination,,1,41.6,,1,Frontlit,Pillar,Mens Formal,Mens
5,East,C,Kol 4,257L2SOH5,48'',119'',Eco Solvent Self adhesive vinyl with matt lamination,,1,39.5,,1,Frontlit,Pillar,Mens Denim,Mens
6,East,C,Kol 4,257L2SOH6,43'',120'',Eco Solvent Self adhesive vinyl with matt lamination,,1,36,,1,Frontlit,Pillar,Mens Denim,Mens
7,East,C,Kol 4,257L2SOH7,42'',116'',Eco Solvent Self adhesive vinyl with matt lamination,,1,33.95,,1,Frontlit,Pillar,Ladies Western,Ladies
8,East,C,Kol 4,257L2SOH8,42'',116'',Eco Solvent Self adhesive vinyl with matt lamination,,1,33.95,,1,Frontlit,Pillar,Ladies Western,Ladies
9,East,C,Kol 4,257L2SOH10,49'',120'',Eco Solvent Self adhesive vinyl with matt lamination,,1,40.66319444,,1,Frontlit,Pillar,Ladies Western,Ladies
10,East,C,Kol 4,257FFW1,143'',132'',FRONTLIT FLEX ,,1,131.2819444,,1,Frontlit,Façade,Fragrance,Beauty
11,East,C,Kol 4,257FFW3,271'',142'',FRONTLIT FLEX ,,1,267.2361111,,1,Frontlit,Façade,Generic,Generic
12,East,C,Kol 4,257FFW4,172'',140'',FRONTLIT FLEX ,,1,167.2222222,,1,Frontlit,Façade,Generic,Generic
13,East,C,Kol 4,257FFW5,126'',140'',FRONTLIT FLEX ,,1,122.5,,1,Frontlit,Façade,Generic,Generic
14,East,C,Kol 4,257L1SOH2,35'',105'',Eco Solvent Self adhesive vinyl with matt lamination,,4pc,25.52083333,,0,Frontlit,Pillar,Fragrance,Beauty
15,East,C,Kol 4,257GFSV1,17'',52'',TRANSLIT FILM ,,1,6.138888889,,0,Frontlit,Sensomatic,Fragrance,Beauty
16,East,C,Kol 4,257L1SOH3,35'',105'',Eco Solvent Self adhesive vinyl with matt lamination,,1,25.52083333,,0,Frontlit,Pillar,Fragrance,Beauty
17,East,C,Kol 4,257FFCC1,135'',71'',BL FABRIC ,,1,66.5625,,1,Backlit,Cash Counter,Mens,Mens
18,East,C,Kol 4,257L1SOH1,26'',111'',Eco Solvent Self adhesive vinyl with matt lamination,,1,19.95138889,,0,Frontlit,Pillar,Fragrance,Beauty
19,East,C,Kol 4,257L1SOH5,,,ACTUAL,,,,,0,Frontlit,Pillar,Indian Wear,Ladies
20,East,C,Kol 4,257L1SOH6,34'',79'',GB VINYL ,,1,18.26215278,,0,Frontlit,Pillar,Indian Wear,Ladies
21,East,C,Kol 4,257L1SOH8,,,ACTUAL,,,,,0,Frontlit,Pillar,Watches,Non-apps
22,East,C,Kol 4,257L1SOH9,,,ACTUAL,,,,,0,Frontlit,Pillar,Watches,Non-apps
23,East,C,Kol 4,257L1SOH10,,,ACTUAL,,,,,0,Frontlit,Façade,Generic,Generic
24,East,C,Kol 4,257GFW1,140'',116'',FRONTLIT FLEX ,,1,113.49,,0,Frontlit,Window,Beauty,Beauty
25,East,C,Kol 4,257GFW2,,,ACTUAL,,,,,0,Frontlit,Window,Generic,Generic
26,East,C,Kol 4,257GFW3,133'',114'',,,1,105.45,,0,Frontlit,Window,Generic,Generic
27,East,C,Kol 4,257GFCC1,,,ACTUAL,,,,,0,Backlit,Cash Counter,Non-apps,Non-apps
28,East,C,Kol 4,257L2SOH2,,,ACTUAL,,,,,1,Frontlit,Pillar,Mens Formal,Mens
29,East,C,Kol 4,257L2SOH3,,,ACTUAL,,,,,1,Frontlit,Pillar,Mens Formal,Mens
30,East,C,Kol 4,257L2SOH4,4',9',GB VINYL ,,1,0.23125,,1,Frontlit,Pillar,Mens Formal,Mens
31,East,C,Kol 4,257L2SOH9,,,ACTUAL,,,,,1,Frontlit,Pillar,Ladies Western,Ladies
32,East,C,Kol 4,257FFW2,,,ACTUAL,,,,,1,Frontlit,Façade,Generic,Generic
,,,,,,,,,,,,,,,,
1,East,C,KolMani Square,484GFV1,66'',113'',Backlit Fabric with Silicon Strip,,1,51.98784722,,0,Backlit ,Pillar,Beauty,Beauty
2,East,C,Kol Mani Square,484GFV2a,58'',139'',Backlit Fabric with Silicon Strip,,1,55.98611111,,0,Backlit ,Pillar,Fragrance,Beauty
3,East,C,Kol Manisquare,484SFV1,68'',93'',Backlit Fabric with Silicon Strip,,1,43.91666667,,2,Backlit ,Façade,Mens,Mens
4,East,C,Kol Manisquare,484GFCC1,143'',108'',Backlit Fabric with Silicon Strip,,1,106.7534722,,0,Backlit ,Cash Counter,Non-apps,Non-apps
5,East,C,Kol Manisquare,484GFV2b,38'',139'',Backlit Fabric with Silicon Strip,,1,36.68055556,,0,Backlit ,Pillar,Fragrance,Beauty
6,East,C,Kol Manisquare,484GFSV1,16'',52'',Translit,,10,5.868055556,,0,Frontlit,Sensomatic,Beauty,Beauty
7,East,C,Kol Manisquare,484FFV1,67'',113'',Backlit Fabric with Silicon Strip,,1,52.18402778,,1,Backlit ,Façade,Ladies,Ladies
8,East,C,Kol Manisquare,484FFV2,69'',113'',Backlit Fabric with Silicon Strip,,1,54.14583333,,1,Backlit ,Façade,Ladies,Ladies
9,East,C,Kol Manisquare,484FFV3,6'9,11'',Backlit Fabric with Silicon Strip,,1,5.03125,,1,Backlit ,Pillar,Ladies Western,Ladies
10,East,C,Kol Manisquare,484FFV4,48'',84'',Backlit Fabric with Silicon Strip,,1,28,,1,Backlit ,Stairway,Ladies,Ladies
11,East,C,Kol Manisquare,484FFCC1,181'',95'',Backlit Fabric with Silicon Strip,,1,118.78125,,1,Backlit ,Cash Counter,Ladies,Ladies
12,East,C,Kol Manisquare,484FFSV1,69'',93'',Backlit Fabric with Silicon Strip,,1,44.23958333,,1,Frontlit,Sensomatic,Ladies,Ladies
13,East,C,Kol Manisquare,484SFV2,69'',93'',Backlit Fabric with Silicon Strip,,1,44.23958333,,2,Backlit ,Façade,Mens,Mens
14,East,C,Kol Manisquare,484SFCC1,15.6,6'6,Backlit Fabric with Silicon Strip,,1,7.15,,2,Backlit ,Cash Counter,Mens,Mens
15,East,C,Kol Manisquare,484SFSV1,16'',52'',ESML,,8,5.777777778,,2,Frontlit,Sensomatic,Mens,Mens
,,,,,,,,,,,,,,,,
1,East,C,Acropolis Siliguri,496GFSV1,17'',48'',TRANSLIT FILM ,,12,5.5,,0,Frontlit,Sensomatic,Non-apps,Non-apps
2,East,C,Acropolis Siliguri,496GFV1,36'',102'',Backlit Fabric with Silicon Strip,,1,25.5,,0,Backlit,Pillar,Fragrance,Beauty
3,East,C,Acropolis Siliguri,496FFV7,22'',102'',Backlit Fabric with Silicon Strip,,1,15.25902778,,1,Backlit,Pillar,Ladies Western,Ladies
4,East,C,Acropolis Siliguri,496GFV5,35'',102'',Backlit Fabric with Silicon Strip,,1,24.886875,,0,Backlit,Pillar,Handbags,Leather
5,East,C,Acropolis Siliguri,496FFV1,35'',102'',Backlit Fabric with Silicon Strip,,1,24.78859028,,1,Backlit,Pillar,Kids,Kids
6,East,C,Acropolis Siliguri,496FFV3,22'',102'',Backlit Fabric with Silicon Strip,,1,15.58333333,,1,Backlit,Pillar,Ladies Western,Ladies
7,East,C,Acropolis Siliguri,496FFV4,36'',10'',Backlit Fabric with Silicon Strip,,1,2.539236111,,1,Backlit,Pillar,Ladies Western,Ladies
8,East,C,Acropolis Siliguri,496FFV5,35'',102'',Backlit Fabric with Silicon Strip,,1,24.78859028,,1,Backlit,Pillar,Ladies Western,Ladies
9,East,C,Acropolis Siliguri,496FFV6,32'',102'',Backlit Fabric with Silicon Strip,,1,22.66666667,,1,Backlit,Pillar,Ladies Western,Ladies
10,East,C,Acropolis Siliguri,496FFCC1,125'',59'',Backlit Fabric with Silicon Strip,,1,51.01041667,,1,Backlit,Cash Counter,Indian Wear,Ladies
11,East,C,Acropolis Siliguri,496SFV2,36'',102'',Backlit Fabric with Silicon Strip,,1,25.14583333,,2,Backlit,Pillar,Mens Denim,Mens
12,East,C,Acropolis Siliguri,496SFV3,21'',102'',Backlit Fabric with Silicon Strip,,1,15.11708333,,2,Backlit,Pillar,Mens Denim,Mens
13,East,C,Acropolis Siliguri,496SFV4,22'',102'',Backlit Fabric with Silicon Strip,,1,15.58333333,,2,Backlit,Pillar,Mens Athleisure,Mens
14,East,C,Acropolis Siliguri,496SFV5,36'',102'',Backlit Fabric with Silicon Strip,,1,25.14583333,,2,Backlit,Pillar,Mens Denim,Mens
15,East,C,Acropolis Siliguri,496SFV6,36'',102'',Backlit Fabric with Silicon Strip,,1,25.14583333,,2,Backlit,Pillar,Mens Formal,Mens
16,East,C,Acropolis Siliguri,496SFV7,36'',102'',Backlit Fabric with Silicon Strip,,1,25.19513889,,2,Backlit,Pillar,Mens Denim,Mens
17,East,C,Acropolis Siliguri,496SFCC1,125'',57'',Backlit Fabric with Silicon Strip,,1,49.47916667,,2,Backlit,Cash Counter,Mens,Mens
18,East,C,Acropolis Siliguri,496GFV2,,,ACTUAL,,,,,0,Backlit,Pillar,Watches,Non-apps
19,East,C,Acropolis Siliguri,496GFV3,,,ACTUAL,,,,,0,Backlit,Pillar,Watches,Non-apps
20,East,C,Acropolis Siliguri,496GFV4,,,ACTUAL,,,,,0,Backlit,Pillar,Handbags,Leather
21,East,C,Acropolis Siliguri,496GFCC1,,,ACTUAL,,,,,0,Backlit,Cash Counter,Non-apps,Non-apps
22,East,C,Acropolis Siliguri,496FFV2,,,ACTUAL,,,,,1,Backlit,Pillar,Lingerie,Ladies
23,East,C,Acropolis Siliguri,496SFV1,,,,,,,,2,Backlit,Pillar,Ugs,Mens
24,East,C,Acropolis Siliguri,,,,,,,,,2,Backlit,Cash Counter,Mens,Mens
25,East,C,Acropolis Siliguri,496FFSV1,,,ACTUAL,,,,,1,Frontlit,Sensomatic,Ladies,Ladies
26,East,C,Acropolis Siliguri,496SFSV1,,,ACTUAL,,,,,2,Frontlit,Sensomatic,Mens,Mens
,,,,,,,,,,,,,,,,
1,East,D,New Town Kolkata,8521GFCC1,134'',58'',Backlit Fabric with Silicon Strip,,1,53.97222222,,0,Backlit,Cash Counter,Non-apps,Non-apps
2,East,D,New Town Kolkata,8521SFV3,36'',104'',Backlit Fabric with Silicon Strip,,,26,,2,Backlit,Pillar,Ugs,Mens
1,East,D,New Town Kolkata,8521GFV2,43'',108'',Backlit Fabric with Silicon Strip,,,32.25,,0,Backlit,Pillar,Handbags,Leather
2,East,D,New Town Kolkata,8521FFV2,36'',104'',Backlit Fabric with Silicon Strip,,,26,,1,Backlit,Pillar,Lingerie,Ladies
3,East,D,New Town Kolkata,8521FFV3,36'',104'',Backlit Fabric with Silicon Strip,,,26,,1,Backlit,Pillar,Kids,Kids
4,East,D,New Town Kolkata,8521FFV4,36'',104'',Backlit Fabric with Silicon Strip,,,26,,1,Backlit,Pillar,Ladies Western,Ladies
5,East,D,New Town Kolkata,8521FFV5,36'',104'',Backlit Fabric with Silicon Strip,,,26,,1,Backlit,Pillar,Ladies Western,Ladies
6,East,D,New Town Kolkata,8521FFV6,102'',114'',Backlit Fabric with Silicon Strip,,,80.75,,1,Backlit,Pillar,Ladies Western,Ladies
7,East,D,New Town Kolkata,8521SFV1,36'',104'',Backlit Fabric with Silicon Strip,,,26,,2,Backlit,Pillar,Mens Denim,Mens
8,East,D,New Town Kolkata,8521SFV2,36'',104'',Backlit Fabric with Silicon Strip,,,26,,2,Backlit,Pillar,Mens Ethnic,Mens
9,East,D,New Town Kolkata,8521SFV4,36'',104'',Backlit Fabric with Silicon Strip,,,26,,2,Backlit,Pillar,Mens Formal,Mens
10,East,D,New Town Kolkata,8521SFV5,111'',113'',Backlit Fabric with Silicon Strip,,,87.10416667,,2,Backlit,Pillar,Mens Denim,Mens
11,East,D,New Town Kolkata,8521SFCC1,136'',60'',Backlit Fabric with Silicon Strip,,,#VALUE!,,2,Backlit,Cash Counter,Mens,Mens
12,East,D,New Town Kolkata,8521GFV1,37'',108'',Backlit Fabric with Silicon Strip,,,27.75,,0,Backlit,Pillar,Ladies Footwear,Leather
13,East,D,New Town Kolkata,8521GFSV1,16'',56'',ESML,,6,6.027777778,,0,Frontlit,Sensomatic,Fragrance,Beauty
14,East,D,New Town Kolkata,8521FFV1,36'',104'',Backlit Fabric with Silicon Strip,,,26,,1,Backlit,Pillar,Indian Wear,Ladies
15,East,D,New Town Kolkata,8521SFV6,30'',103'',Backlit Fabric with Silicon Strip,,,21.45833333,,2,Backlit,Pillar,Mens Formal,Mens
16,East,D,New Town Kolkata,8521SFV7,48'',103'',Backlit Fabric with Silicon Strip,,,34.33333333,,2,Backlit,Pillar,Generic,Generic
,,,,,,,,,,,,,,,,
1,East,C,Siliguri,67GFV21,38'',109'',Backlit Fabric with Silicon Strip,,1,28.76388889,,0,Backlit,Pillar,Beauty,Beauty
2,East,C,Siliguri,67GFSV1,16'',56'',Translit film ,,4,6.222222222,,0,Frontlit,Sensomatic,Generic,Generic
3,East,C,Siliguri,67GFV8,23'',90'',Backlit Fabric with Silicon Strip,,1,14.54833333,,0,Backlit,Pillar,Ladies Footwear,Leather
4,East,C,Siliguri,67GFV27,47'',90'',Backlit Fabric with Silicon Strip,,1,29.50555556,,0,Backlit,Pillar,Generic,Generic
5,East,C,Siliguri,67GFV2,,,ACTUAL,,,,,0,Backlit,Pillar,Watches,Non-apps
6,East,C,Siliguri,67GFV3,32'',109'',Backlit Fabric with Silicon Strip,,1,24.11111111,,0,Backlit,Pillar,Watches,Non-apps
7,East,C,Siliguri,67GFV4,40'',92'',Backlit Fabric with Silicon Strip,,1,25.55555556,,0,Backlit,Pillar,Watches,Non-apps
8,East,C,Siliguri,67GFV5,23'',91'',Backlit Fabric with Silicon Strip,,1,14.45486111,,0,Backlit,Pillar,Ladies Western,Ladies
9,East,C,Siliguri,67GFV6,29'',90'',Backlit Fabric with Silicon Strip,,1,18.125,,0,Backlit,Pillar,Indian Wear,Ladies
10,East,C,Siliguri,67GFV7,34'',95'',Backlit Fabric with Silicon Strip,,1,21.984375,,0,Backlit,Pillar,Indian Wear,Ladies
11,East,C,Siliguri,67GFV9,34'',95'',Backlit Fabric with Silicon Strip,,1,21.984375,,0,Backlit,Pillar,Mens Denim,Mens
12,East,C,Siliguri,67GFV10,29'',90'',Backlit Fabric with Silicon Strip,,1,18.16527778,,0,Backlit,Pillar,Mens Denim,Mens
13,East,C,Siliguri,67GFV11,29'',91'',Backlit Fabric with Silicon Strip,,1,18.22569444,,0,Backlit,Pillar,Mens Formal,Mens
14,East,C,Siliguri,67GFV12,31'',90'',Backlit Fabric with Silicon Strip,,1,19.10486111,,0,Backlit,Pillar,Mens Denim,Mens
15,East,C,Siliguri,67GFV13,29'',91'',Backlit Fabric with Silicon Strip,,1,18.22569444,,0,Backlit,Pillar,Mens Ethnic,Mens
16,East,C,Siliguri,67GFV14,29'',90'',Backlit Fabric with Silicon Strip,,1,18.16527778,,0,Backlit,Pillar,Mens Denim,Mens
17,East,C,Siliguri,67GFV15,29'',90'',Backlit Fabric with Silicon Strip,,1,18.16527778,,0,Backlit,Pillar,Kids,Kids
18,East,C,Siliguri,67GFV16,47'',90'',Backlit Fabric with Silicon Strip,,1,29.375,,0,Backlit,Pillar,Mens Denim,Mens
19,East,C,Siliguri,67GFV17,32'',95'',Backlit Fabric with Silicon Strip,,1,21.13125,,0,Backlit,Pillar,Mens Denim,Mens
20,East,C,Siliguri,67GFV18,29'',90'',Backlit Fabric with Silicon Strip,,1,18.375,,0,Backlit,Pillar,Sunglass,Non-apps
21,East,C,Siliguri,67GFV19,24'',91'',Backlit Fabric with Silicon Strip,,1,14.76909722,,0,Backlit,Pillar,Mens Denim,Mens
22,East,C,Siliguri,67GFV20,32'',89'',Backlit Fabric with Silicon Strip,,1,19.77777778,,0,Backlit,Pillar,Fragrance,Beauty
23,East,C,Siliguri,67GFV22,38'',110'',Backlit Fabric with Silicon Strip,,1,28.94861111,,0,Backlit,Pillar,Beauty,Beauty
24,East,C,Siliguri,67GFV23,24'',91'',Backlit Fabric with Silicon Strip,,1,14.76909722,,0,Backlit,Pillar,Ladies Western,Ladies
25,East,C,Siliguri,67GFV24,29'',90'',Backlit Fabric with Silicon Strip,,1,18.16527778,,0,Backlit,Pillar,Kids,Kids
26,East,C,Siliguri,67GFV25,36'',95'',Backlit Fabric with Silicon Strip,,1,23.296875,,0,Backlit,Pillar,Ladies Western,Ladies
27,East,C,Siliguri,67GFV26,34'',95'',Backlit Fabric with Silicon Strip,,1,21.984375,,0,Backlit,Pillar,Ladies Western,Ladies
28,East,C,Siliguri,67GFV28,30'',90'',Backlit Fabric with Silicon Strip,,1,18.9375,,0,Backlit,Pillar,Mens Denim,Mens
29,East,C,Siliguri,67GFCC1,281'',52'',Backlit Fabric with Silicon Strip,,1,100.3177083,,0,Backlit,Cash Counter,Generic,Generic
30,East,C,Siliguri,67DS01,,,N/A,,,,,0,Digital ,Store Entrance,Generic,Generic
,,,,,,,,,,,,,,,,
1,East,C,Durgapur,56SFV2,32'',102'',Backlit Fabric with Silicon Strip,,1,22.66666667,,2,Backlit,Pillar,Mens Formal,Mens
2,East,C,Durgapur,56GFV2,32'',94'',Backlit Fabric with Silicon Strip,,1,20.88888889,,0,Backlit,Pillar,Handbags,Leather
3,East,C,Durgapur,56GFV1,32'',95'',Backlit Fabric with Silicon Strip,,1,#VALUE!,,0,Backlit,Pillar,Beauty,Beauty
4,East,C,Durgapur,56FFSV1,15'',56'',VOSB BOX 5mm,7'',4,5.833333333,,1,Frontlit,Sensomatic,Mens,Mens
5,East,C,Durgapur,56GFV3,32'',94'',UV Backlit Fabric with Silicon Strip,,1,20.5625,,0,Backlit,Pillar,Handbags,Leather
6,East,C,Durgapur,56GFV4,29'',102'',UV Backlit Fabric with Silicon Strip,,1,20.54166667,,0,Backlit,Pillar,Ladies Footwear,Leather
7,East,C,Durgapur,56GFV5,24'',102'',UV Backlit Fabric with Silicon Strip,,1,16.64583333,,0,Backlit,Pillar,Watches,Non-apps
8,East,C,Durgapur,56GFV6,24'',102'',UV Backlit Fabric with Silicon Strip,,1,16.64583333,,0,Backlit,Pillar,Ladies Western,Ladies
9,East,C,Durgapur,56GFCC1,102'',45'',UV Backlit Fabric with Silicon Strip,,1,31.71875,,0,Backlit,Cash Counter,Non-apps,Non-apps
10,East,C,Durgapur,56FFV1,32'',103'',UV Backlit Fabric with Silicon Strip,,1,22.53125,,1,Backlit,Pillar,Indian Wear,Ladies
11,East,C,Durgapur,56FFV2,35'',102'',UV Backlit Fabric with Silicon Strip,,1,24.79166667,,1,Backlit,Pillar,Mens Denim,Mens
12,East,C,Durgapur,56FFV3,35'',102'',UV Backlit Fabric with Silicon Strip,,1,24.79166667,,1,Backlit,Pillar,Home,Home
13,East,C,Durgapur,56FFV4,35'',102'',UV Backlit Fabric with Silicon Strip,,1,24.79166667,,1,Backlit,Pillar,Mens,Mens
14,East,C,Durgapur,56FFV5,35'',102'',UV Backlit Fabric with Silicon Strip,,1,24.79166667,,1,Backlit,Pillar,Mens Denim,Mens
15,East,C,Durgapur,56FFCC1,89'',64'',UV Backlit Fabric with Silicon Strip,,1,39.24652778,,1,Backlit,Cash Counter,Mens Denim,Mens
16,East,C,Durgapur,56SFV1,35'',102'',UV Backlit Fabric with Silicon Strip,,1,24.79166667,,2,Backlit,Pillar,Mens Athleisure,Mens
17,East,C,Durgapur,56SFV3,32'',102'',UV Backlit Fabric with Silicon Strip,,1,22.66666667,,2,Backlit,Pillar,Ugs,Mens
18,East,C,Durgapur,56SFV4,30'',102'',UV Backlit Fabric with Silicon Strip,,1,20.89583333,,2,Backlit,Pillar,Mens Athleisure,Mens
19,East,C,Durgapur,56SFV5,32'',103'',UV Backlit Fabric with Silicon Strip,,1,22.88888889,,2,Backlit,Pillar,Mens Denim,Mens
20,East,C,Durgapur,56SFV6,35'',102'',UV Backlit Fabric with Silicon Strip,,1,24.79166667,,2,Backlit,Pillar,Mens Denim,Mens
21,East,C,Durgapur,56SFV7,32'',102'',UV Backlit Fabric with Silicon Strip,,1,22.66666667,,2,Backlit,Pillar,Mens Denim,Mens
22,East,C,Durgapur,56SFV8,35'',102'',UV Backlit Fabric with Silicon Strip,,1,24.79166667,,2,Backlit,Pillar,Mens Formal,Mens
23,East,C,Durgapur,56SFCC1,"113.5""",63'',UV Backlit Fabric with Silicon Strip,,1,#VALUE!,,2,Frontlit,Cash Counter,Mens Formal,Mens
24,East,C,Durgapur,56GFSV1,18'' 7”,66'',VOSB BOX 5mm,"7""",4,#VALUE!,,0,Frontlit,Sensomatic,Beauty,Beauty
25,East,C,Durgapur,56SFSV1,30'' d 6'',62'',VOSB BOX 5mm,6'',4,#VALUE!,,2,Frontlit,Sensomatic,Ladies,Ladies
,,,,,,,,,,,,,,,,
1,East,C,Raipur,66GFV3,36'',103'',Eco Solvent Self adhesive vinyl with matt lamination,,1,25.75,,0,Frontlit,Pillar,Watches,Non-apps
2,East,C,Raipur,66GFCC1,191'',46'',Backlit Fabric with silicon strips,,1,61.01388889,,0,Backlit,Cash Counter,Generic,Generic
3,East,C,Raipur,66GFV35,33'',103'',Eco Solvent Self adhesive vinyl with matt lamination,,1,23.60416667,,0,Frontlit,Pillar,Indian Wear,Ladies
4,East,C,Raipur,66GFW7,135'',120'',ESML,,1,112.5,,0,Frontlit,Window,Beauty,Beauty
5,East,C,Raipur,66GFV29,36'',83'',ESML,,1,20.75,,0,Frontlit,Pillar,Ladies Western,Ladies
6,East,C,Raipur,66GFV6,36'',103'',ESML,,1,25.75,,0,Frontlit,Pillar,Watches,Non-apps
7,East,C,Raipur,66GFV7,36'',103'',ESML,,1,25.75,,0,Frontlit,Pillar,Handbags,Leather
8,East,C,Raipur,66GFV10,36'',103'',ESML,,1,25.75,,0,Frontlit,Pillar,Handbags,Leather
9,East,C,Raipur,66GFV22,,,ACTUAL,,,,,0,Frontlit,Pillar,Lingerie ,Ladies
10,East,C,Raipur,66GFV23,30'',103'',ESML,,1,21.45833333,,0,Frontlit,Pillar,Lingerie ,Ladies
11,East,C,Raipur,66GFV34,33'',103'',ESML,,1,23.60416667,,0,Frontlit,Pillar,Indian Wear,Ladies
12,East,C,Raipur,66GFV40,32'',105'',ESML,,1,23.33333333,,0,Frontlit,Pillar,Indian Wear,Ladies
13,East,C,Raipur,66GFCC2,159'',47'',Backlit Fabric with silicon strips,,1,51.89583333,,0,Backlit,Cash Counter,Ladies,Ladies
14,East,C,Raipur,66GFSV1,20''d6'',57'',VOSB 5mm,,3,#VALUE!,,0,Frontlit,Sensomatic,Fragrance,Beauty
15,East,C,Raipur,66GFW6,120'',120'',ESML,,1,100,,0,Frontlit,Window,Generic,Generic
16,East,C,Raipur,66GFW8,156'',129'',ESML,,1,139.75,,0,Frontlit,Window,Generic,Generic
17,East,C,Raipur,66GFW9,170'',129'',ESML,,1,152.2916667,,0,Frontlit,Window,Fragrance,Beauty
18,East,C,Raipur,66GFW11,143'',123'',ESML,,1,122.1458333,,0,Frontlit,Window,Generic,Generic
19,East,C,Raipur,66GFW12,147'',115'',ESML,,1,117.3958333,,0,Frontlit,Window,Generic,Generic
20,East,C,Raipur,66FFW1,120'',123'',ESML,,1,102.5,,1,Frontlit,Window,Generic,Generic
21,East,C,Raipur,66FFW2,123'',126'',ESML,,1,107.625,,1,Frontlit,Window,Generic,Generic
22,East,C,Raipur,66FFW3,132'',126'',ESML,,1,115.5,,1,Frontlit,Window,Mens ,Mens
23,East,C,Raipur,66FFW12,115'',112'',ESML,,1,89.44444444,,1,Frontlit,Window,Mens ,Mens
24,East,C,Raipur,66FFV6,43'',110'',ESML,,1,32.84722222,,1,Frontlit,Pillar,Mens Formal,Mens 
25,East,C,Raipur,66FFV15,32'',102'',ESML,,1,22.66666667,,1,Frontlit,Pillar,Mens,Mens
26,East,C,Raipur,66FFV18,27'',112'',ESML,,1,21,,1,Frontlit,Pillar,Kids,Kids
27,East,C,Raipur,66FFV19,44'',111'',ESML,,1,33.91666667,,1,Frontlit,Pillar,Kids,Kids
28,East,C,Raipur,66FFV20,44'',111'',ESML,,1,33.91666667,,1,Frontlit,Pillar,Mens Formal,Mens 
29,East,C,Raipur,66FFV21,45'',112'',ESML,,1,35,,1,Frontlit,Pillar,Mens Athleisure,Mens 
30,East,C,Raipur,66FFV22,61'',112'',ESML,,1,47.44444444,,1,Frontlit,Pillar,Mens Formal,Mens 
31,East,C,Raipur,66FFV23,36'',103'',ESML,,1,25.75,,1,Frontlit,Pillar,Mens Formal,Mens 
32,East,C,Raipur,66FFV41,260'',113'',ESML,,1,204.0277778,,1,Frontlit,Stairway,Mens,Mens
33,East,C,Raipur,66FFSV1,,,ACTUAL,,,,,1,Frontlit,Sensomatic,Mens,Mens
34,East,C,Raipur,66FFCC1,143'',47'',ESML,,1,46.67361111,,1,Backlit,Cash Counter,Mens,Generic
35,East,C,Raipur,66FFCC2,191'',47'',ESML,,1,61.67708333,,1,Backlit,Cash Counter,Kids,Generic
,,,,,,,,,,,,,,,,
1,East,C,Rourkela,8507GFV6,33'',112'',Backlit Fabric with silicon strip ,,1,25.62335417,,0,Backlit ,Pillar,Beauty,Beauty
2,East,C,Rourkela,8507GFV7,33'',112'',Backlit Fabric with silicon strip ,,1,#VALUE!,,0,Backlit ,Pillar,Beauty,Beauty
3,East,C,Rourkela,8507SFV2,35'',102'',Backlit Fabric with silicon strip ,,1,24.79166667,,2,Backlit ,Pillar,Mens Denim,Mens
4,East,C,Rourkela,8507GFV1,,,,,,,,0,Backlit ,Pillar,Ladies Western,Ladies
5,East,C,Rourkela,8507GFV2,72'',112'',Backlit Fabric with silicon strip ,,1,55.61111111,,0,Backlit ,Pillar,Beauty,Beauty
6,East,C,Rourkela,8507GFV3,37'',113'',Backlit Fabric with silicon strip ,,1,28.93150764,,0,Backlit ,Pillar,Ladies Western,Ladies
7,East,C,Rourkela,8507GFV4,29'',102'',Backlit Fabric with silicon strip ,,1,20.7759125,,0,Backlit ,Pillar,Lingerie,Ladies
8,East,C,Rourkela,8507GFV5,33'',111'',Backlit Fabric with silicon strip ,,1,25.53313125,,0,Backlit ,Pillar,Ladies Western,Ladies
9,East,C,Rourkela,8507GFV8,33'',111'',Backlit Fabric with silicon strip ,,1,25.4375,,0,Backlit ,Pillar,Watches,Non-apps
10,East,C,Rourkela,8507GFV9,29'',102'',Backlit Fabric with silicon strip ,,1,20.69225833,,0,Backlit ,Pillar,Women Athleisure,Ladies
11,East,C,Rourkela,8507GFV10,42'',112'',Backlit Fabric with silicon strip ,,1,32.66666667,,0,Backlit ,Pillar,Fragrance,Beauty
12,East,C,Rourkela,8507GFV11,35'',102'',Backlit Fabric with silicon strip ,,1,24.79166667,,0,Backlit ,Pillar,Sunglass,Non-apps
13,East,C,Rourkela,8507GFCC1,,,,,,,,0,Backlit ,Cash Counter,Non-apps,Non-apps
14,East,C,Rourkela,8507GFSV1,15'',56'',Translit film,,12,5.872222222,,0,Frontlit,Sensomatic,Beauty,Beauty
15,East,C,Rourkela,8507FFV1,29'',102'',Backlit Fabric with silicon strip ,,1,20.54166667,,1,Backlit ,Pillar,Kids,Kids
16,East,C,Rourkela,8507FFV2,29'',102'',Backlit Fabric with silicon strip,,1,20.77541667,,1,Backlit ,Pillar,Kids,Kids
17,East,C,Rourkela,8507FFV3,29'',102'',Backlit Fabric with silicon strip ,,1,20.77541667,,1,Backlit ,Pillar,Indian Wear,Ladies
18,East,C,Rourkela,8507FFV4,29'',102'',Backlit Fabric with silicon strip ,,1,20.77541667,,1,Backlit ,Pillar,Home,Home
19,East,C,Rourkela,8507FFV5,29'',102'',Backlit Fabric with silicon strip ,,1,20.66435,,1,Backlit ,Pillar,Indian Wear,Ladies
20,East,C,Rourkela,8507FFCC1,89'',64'',Backlit Fabric with silicon strip,,1,39.40890084,,1,Backlit ,Cash Counter,Ladies,Ladies
21,East,C,Rourkela,8507FFBL1,101'',75'',Backlit Fabric with silicon strip,,1,52.4934375,,1,Backlit ,Façade,Ladies,Ladies
22,East,C,Rourkela,8507FFSV1,,,,,,,,1,Frontlit,Sensomatic,Ladies,Ladies
23,East,C,Rourkela,8507SFV1,35'',102'',Backlit Fabric with silicon strip,,1,24.79166667,,2,Backlit ,Pillar,Mens Ethnic,Mens
24,East,C,Rourkela,8507SFV3,35'',122'',Backlit Fabric with silicon strip,,1,29.65277778,,2,Backlit ,Pillar,Mens Denim,Mens
25,East,C,Rourkela,8507SSV4,35'',102'',Backlit Fabric with silicon strip,,1,24.79166667,,2,Backlit ,Pillar,Mens Denim,Mens
26,East,C,Rourkela,8507SFV5,29'',102'',Backlit Fabric with silicon strip ,,1,20.54166667,,2,Backlit ,Pillar,Mens Denim,Mens
27,East,C,Rourkela,8507SFCC1,114'',63'',Backlit Fabric with silicon strip ,,1,50.25527924,,2,Backlit ,Cash Counter,Mens,Mens
28,East,C,Rourkela,8507SFBL1,101'',75'',Backlit Fabric with silicon strip ,,1,52.63062035,,2,Backlit ,Façade,Mens,Mens
29,East,C,Rourkela,8507SFSV1,"15.1""","56""",Translite Flim,,8,,,2,Frontlit,Sensomatic,Mens,Mens
,,,,,,,,,,,,,,,,
1,East,C,Ranchi 2,8502FFV2,22'',102'',Backlit Fabric with silicon strip ,,1,15.58333333,,1,Backlit,Pillar,Lingerie,Ladies
2,East,C,Ranchi 2,8502GFV1,35'',112'',Backlit Fabric with silicon strip ,,1,26.71354167,,0,Backlit,Pillar,Mens Footwear,Leather
3,East,C,Ranchi 2,8502GFV2,48'',103'',Backlit Fabric with silicon strip ,,1,33.81076389,,0,Backlit,Pillar,Watches,Non-apps
4,East,C,Ranchi 2,8502GFCC1,126'',59'',Backlit Fabric with silicon strip ,,1,51.63802083,,0,Backlit,Cash Counter,Non-apps,Non-apps
5,East,C,Ranchi 2,8502FFV1,22'',102'',Backlit Fabric with silicon strip ,,1,15.58333333,,1,Backlit,Pillar,Kids,Kids
6,East,C,Ranchi 2,8502FFV3,48'',103'',Backlit Fabric with silicon strip ,,1,33.81076389,,1,Backlit,Pillar,Ladies Western,Ladies
7,East,C,Ranchi 2,8502FFV4,36'',102'',Backlit Fabric with silicon strip ,,1,25.5,,1,Backlit,Pillar,Ladies Western,Ladies
8,East,C,Ranchi 2,8502FFV5,36'',102'',Backlit Fabric with silicon strip ,,1,25.5,,1,Backlit,Pillar,Women Athleisure,Ladies
9,East,C,Ranchi 2,8502FFCC1,126'',71'',Backlit Fabric with silicon strip ,,1,61.87847222,,1,Backlit,Cash Counter,Ladies,Ladies
10,East,C,Ranchi 2,8502SFV1,36'',103'',Backlit Fabric with silicon strip ,,1,25.26909722,,2,Backlit,Pillar,Mens Formal,Mens
11,East,C,Ranchi 2,8502SFV2,48'',105'',Backlit Fabric with silicon strip ,,1,34.47048611,,2,Backlit,Pillar,Mens Denim,Mens
12,East,C,Ranchi 2,8502SFCC1,126'',71'',Backlit Fabric with silicon strip ,,1,61.87847222,,2,Backlit,Cash Counter,Mens,Mens
13,East,C,Ranchi 2,8502GFSV1,20'' d5'',64'',VOSB 5mm,5,2,#VALUE!,,0,Frontlit,Sensomatic,Beauty,Beauty
14,East,C,Ranchi 2,8502FFSV1,17'',48'',Backlit Fabric with silicon strip ,2,1,5.666666667,,1,Frontlit,Sensomatic,Ladies,Ladies
15,East,C,Ranchi 2,8502SFSV1,17'',28'',Translit Film ,,1,3.305555556,,2,Frontlit,Sensomatic,Mens,Mens
,,,,,,,,,,,,,,,,
1,East,B,Ranchi,312GFSOH3,32'',108'',ESML,,1,24,,0,Frontlit,Pillar,Mens Footwear,Leather
2,East,B,Ranchi,312GFSOH9,36'',106'',Backlit Fabric with silicon strip,,1,26.5,,0,Backlit,Pillar,Beauty,Beauty
3,East,B,Ranchi,312GFSOH2,33'',107'',Black Back Back Viny + matt lamination,,1,24.31277778,,0,Frontlit,Pillar,Sunglass,Non-apps
4,East,B,Ranchi,312SFSOH2,32'',107'',ESML,,1,23.77777778,,2,Frontlit,Pillar,Mens Denim,Mens
5,East,B,Ranchi,312GFSOH1,32'',107'',ESML,,1,23.77777778,,0,Frontlit,Pillar,Watches,Non-apps
6,East,B,Ranchi,312GFSOH4,32'',107'',ESML,,1,23.77777778,,0,Frontlit,Pillar,Indian Wear,Ladies
7,East,B,Ranchi,312GFSOH5,32'',107'',ESML,,1,23.77777778,,0,Frontlit,Pillar,Indian Wear,Ladies
8,East,B,Ranchi,312GFSOH6,32'',107'',ESML,,1,23.77777778,,0,Frontlit,Pillar,Indian Wear,Ladies
9,East,B,Ranchi,312GFSOH7,89'',92'',ESML,,1,56.86111111,,0,Frontlit,Cash Counter,Non-apps,Non-apps
10,East,B,Ranchi,312GFSOH8,37'',105'',Backlit Fabric with silicon strip,,1,26.48784722,,0,Backlit,Pillar,Watches,Non-apps
11,East,B,Ranchi,312GFSV1,,,ACTUAL,,,,,0,Frontlit,Pillar,Non-apps,Non-apps
12,East,B,Ranchi,312FFSOH1,32'',107'',Grey back self adhesive vinyl with matt lamination,,1,23.77777778,,1,Frontlit,Pillar,Ladies Western,Ladies
13,East,B,Ranchi,312FFSOH2,32'',107'',Grey back self adhesive vinyl with matt lamination,,1,23.77777778,,1,Frontlit,Pillar,Ladies Western,Ladies
14,East,B,Ranchi,312FFSOH3,,,ACTUAL,,,,,1,Frontlit,Pillar,Ladies Western,Ladies
15,East,B,Ranchi,312FFSOH5,32'',106'',ACTUAL,,1,23.1875,,1,Frontlit,Pillar,Ladies Western,Ladies
16,East,B,Ranchi,312FFSOH6,,,ACTUAL,,,,,1,Frontlit,Pillar,Kids,Kids
17,East,B,Ranchi,312FFSOH7,25'',108'',ESML,,1,18.75,,1,Frontlit,Pillar,Lingerie,Ladies
18,East,B,Ranchi,312FFSOH8,94'',87'',ESML,,1,56.79166667,,1,Frontlit,Pillar,Ladies,Ladies
19,East,B,Ranchi,312FFSOH10,32'',107'',ESML,,1,23.77777778,,1,Frontlit,Pillar,Kids,Kids
20,East,B,Ranchi,312FFW1,116'',106'',ESML,,1,85.38888889,,1,Frontlit,Window,Ladies,Ladies
21,East,B,Ranchi,312FFW2,90'',107'',Grey back self adhesive vinyl with matt lamination,,1,66.875,,1,Frontlit,Window,Ladies,Ladies
22,East,B,Ranchi,312FFSV1,32'',57'',VOSB,9.5,5,12.66666667,,1,Frontlit,Sensomatic,Ladies,Ladies
23,East,B,Ranchi,312SFSOH1,32'',107'',ESML,,1,23.77777778,,2,Frontlit,Pillar,Mens Formal,Mens
24,East,B,Ranchi,312SFSOH3,32'',107'',ESML,,1,23.77777778,,2,Frontlit,Pillar,Mens Denim,Mens
25,East,B,Ranchi,312SFSOH4,32'',107'',ESML,,1,23.77777778,,2,Frontlit,Pillar,Mens Denim,Mens
26,East,B,Ranchi,312SFW1,173'',106'',ESML,,1,127.3472222,,2,Frontlit,Window,Mens,Mens
27,East,B,Ranchi,312SFW2,132'',107'',ESML,,1,98.08333333,,2,Frontlit,Window,Mens,Mens
28,East,B,Ranchi,312SFSV1,32'',64'',VOSB,,1,14.2,,2,Frontlit,Sensomatic,Mens,Mens
,,,,,,,,,,,,,,,,
1,East,D,Patna,8514GFV9,63'',102'',Backlit Fabric with silicon ,,1,44.44791667,,0,Backlit,Pillar,Ladies Western,Ladies
2,East,D,Patna,8514SFV6,24'',103'',Backlit Fabric with silicon ,,1,16.72743056,,2,Backlit,Pillar,Mens Athleisure,Mens
3,East,D,Patna,8514GFCC1,113'',64'',Backlit Fabric with silicon ,,1,50.22222222,,0,Backlit,Cash Counter,Ladies Western,Ladies
4,East,D,Patna,8514GFV6,78'',100'',Backlit Fabric with silicon ,,1,54.16666667,,0,Backlit,Pillar,Fragrance,Beauty
5,East,D,Patna,8514GFV5,81'',101'',Backlit Fabric with silicon ,,1,56.8125,,0,Backlit,Pillar,Beauty,Beauty
6,East,D,Patna,8514SFMV2,09'',06'',Backlit Fabric with silicon ,,1,0.3777777778,,2,Backlit,Façade,Mens ,Generic
7,East,D,Patna,8514FFV4,24'',102'',Backlit Fabric with silicon ,,1,16.68663194,,1,Backlit,Pillar,Luggage,Leather
8,East,D,Patna,8514SFV5,24'',102'',Backlit Fabric with silicon ,,1,16.68663194,,2,Backlit,Pillar,Mens Denim,Mens
9,East,D,Patna,8514GFV1,24'',100'',Backlit Fabric with silicon ,,1,16.31944444,,0,Backlit,Pillar,Women Athleisure,Ladies
10,East,D,Patna,8514GFV2,,,ACTUAL,,,,,0,Backlit,Pillar,Watches,Non-apps
11,East,D,Patna,8514GFV3,"23.5""","103""",Backlit Fabric with Silion Strips,,1,,,0,Backlit,Pillar,Ladies Western,Ladies
12,East,D,Patna,8514GFV4,,,ACTUAL,,,,,0,Backlit,Pillar,Watches,Non-apps
13,East,D,Patna,8514GFV7,37'',100'',Backlit Fabric with silicon ,,1,25.69444444,,0,Backlit,Pillar,Non-apps,Non-apps
14,East,D,Patna,8514GFV8,24'',100'',Backlit Fabric with silicon ,,1,16.36024306,,0,Backlit,Pillar,Handbags,Leather
15,East,D,Patna,8514FFV1,24'',102'',Backlit Fabric with silicon ,,1,16.68663194,,1,Backlit,Pillar,Indian Wear,Ladies
16,East,D,Patna,8514FFV2,24'',102'',Backlit Fabric with silicon ,,1,16.68663194,,1,Backlit,Pillar,Indian Wear,Ladies
17,East,D,Patna,8514FFV3,,,ACTUAL,,,,,1,Backlit,Pillar,Home,Home
18,East,D,Patna,8514FFV5,24'',102'',Backlit Fabric with silicon ,,1,16.68663194,,1,Backlit,Pillar,Home,Home
19,East,D,Patna,8514FFV6,24'',102'',Backlit Fabric with silicon ,,1,16.68663194,,1,Backlit,Pillar,Ladies Western,Ladies
20,East,D,Patna,8514FFV7,24'',102'',Backlit Fabric with silicon ,,1,16.68663194,,1,Backlit,Pillar,Lingerie,Ladies
21,East,D,Patna,8514FFCC1,,,ACTUAL,,,,,1,Backlit,Cash Counter,Indian Wear,Generic
22,East,D,Patna,8514SFV1,24'',102'',Backlit Fabric with silicon ,,1,16.68663194,,2,Backlit,Pillar,Mens Formal,Mens
23,East,D,Patna,8514SFV2,24'',102'',Backlit Fabric with silicon ,,1,16.68663194,,2,Backlit,Pillar,Mens Formal,Mens
24,East,D,Patna,8514SFV3,,,ACTUAL,,,,,2,Backlit,Pillar,Mens Denim,Mens
25,East,D,Patna,8514SFV4,,,ACTUAL,,,,8507GFSV1,2,Backlit,Pillar,Mens Denim,Mens
26,East,D,Patna,8514SFV7,,,ACTUAL,,,,,2,Backlit,Pillar,Mens Denim,Mens
27,East,D,Patna,8514SFV8,,,ACTUAL,,,,,2,Backlit,Pillar,Kids,Kids
28,East,D,Patna,8514SFV9,,,ACTUAL,,,,,2,Backlit,Pillar,Kids,Kids
29,East,D,Patna,8514SFV10,,,ACTUAL,,,,,2,Backlit,Pillar,Kids,Kids
30,East,D,Patna,8514SFV11,,,ACTUAL,,,,,2,Backlit,Pillar,Kids,Kids
31,East,D,Patna,8514SFV12,,,ACTUAL,,,,,2,Backlit,Pillar,Kids,Kids
32,East,D,Patna,8514SFV13,,,ACTUAL,,,,,2,Backlit,Pillar,Kids,Kids
33,East,D,Patna,8514SFV14,,,ACTUAL,,,,,2,Backlit,Pillar,Mens Formal,Mens
34,East,D,Patna,8514SFV15,,,ACTUAL,,,,,2,Backlit,Pillar,Mens Formal,Mens
35,East,D,Patna,,,,,,,,,2,Backlit,Pillar,Mens Formal,Mens
36,East,D,Patna,8514SFCC1,,,ACTUAL,,,,,2,Backlit,Cash Counter,Mens Denim,Mens
37,East,D,Patna,8514GFSV1,,,ACTUAL,,,,,0,Frontlit,Sensomatic,Non-apps,Non-apps
38,East,D,Patna,8514GFSV2,20'' D8'',65'',VOSB,,,#VALUE!,,0,Frontlit,Sensomatic,Beauty,Beauty
39,East,D,Patna,8514FFSV1,,,ACTUAL,,,,,1,Frontlit,Sensomatic,Ladies,Ladies
40,East,D,Patna,8514FFSV2,,,ACTUAL,,,,,1,Frontlit,Sensomatic,Ladies,Ladies
41,East,D,Patna,8514SFSV1,18'',66'',VOSB,"6""",4,8.25,,2,Frontlit,Sensomatic,Mens,Mens
42,East,D,Patna,8514SFSV2,,,ACTUAL,,,,,2,Frontlit,Sensomatic,Mens,Mens
43,East,D,Patna,8514FFMV1,9',7',Backlit Fabric with silicon strip ,,1,0.3881944444,,1,Backlit,Façade,Ladies,Generic
44,East,D,Patna,8514SFMV1,9',7',Backlit Fabric with silicon strip ,,1,0.3881944444, ,2,Backlit,Façade,Mens ,Generic
45,East,D,Patna,8514SFMV3,8',6',Backlit Fabric with silicon strip ,,1,0.3688888889,,2,Backlit,Façade,Mens ,Generic
,,,,,,,,,,,,,,,,
1,East,A,Guwahati,314FFV1,32'',130'',Backlit Fabric with silicon strip ,,1,28.4375,,1,Backlit,Pillar,Indian Wear,Ladies
2,East,A,Guwahati,314SFV2,32'',112'',Backlit Fabric with silicon strip ,,1,24.5,,2,Backlit,Pillar,Mens Denim,Mens
3,East,A,Guwahati,314FFV3,48'',96'',Backlit Fabric with silicon strip ,,1,32,,1,Backlit,Pillar,Ladies,Ladies
4,East,A,Guwahati,314SFCP1,164'',76'',Backlit Fabric with silicon strip ,,1,86.55555556,,1,Backlit,Cash Counter,Mens Denim,Mens
5,East,A,Guwahati,314GFSV2,16'',53'',Translit Film ,,2,5.704861111,,0,Frontlit,Sensomatic,Non-apps,Non-apps
6,East,A,Guwahati,314GFSV1,16'',55'',Translit Film ,,10pc,6.1875,,0,Frontlit,Sensomatic,Beauty,Beauty
7,East,A,Guwahati,314GFV1,53'',101'',Backlit Fabric with silicon strip ,,1,37.17361111,,0,Backlit,Pillar,Sunglass,Non-apps
8,East,A,Guwahati,314GFV2,53'',101'',Backlit Fabric with silicon strip ,,1,37.17361111,,0,Backlit,Pillar,Watches,Non-apps
9,East,A,Guwahati,314GFV3,53'',101'',Backlit Fabric with silicon strip ,,1,37.33823056,,0,Backlit,Pillar,Handbags,Leather
10,East,A,Guwahati,314GFV4,,,ACTUAL,,,,,0,Backlit,Pillar,Non-apps,Non-apps
11,East,A,Guwahati,314GFV5,,,ACTUAL,,,,,0,Backlit,Pillar,Sunglass,Non-apps
12,East,A,Guwahati,314GFV6,,,ACTUAL,,,,,0,Backlit,Pillar,Non-apps,Non-apps
13,East,A,Guwahati,314GFCP1,,,ACTUAL,,,,,0,Backlit,Cash Counter,Generic,Generic
14,East,A,Guwahati,314GFW2,,,ACTUAL,,,,,0,Backlit,Window,Generic,Generic
15,East,A,Guwahati,314GFW3,133'',96'',Backlit Fabric with silicon strip ,,1,88.33333333,,0,Backlit,Window,Generic,Generic
16,East,A,Guwahati,314FFV2,,,ACTUAL,,,,,1,Backlit,Pillar,Indian Wear,Ladies
17,East,A,Guwahati,314FFCP1,164'',74'',Backlit Fabric with silicon strip ,,1,84.27777778,,1,Backlit,Cash Counter,Ladies,Ladies
18,East,A,Guwahati,314FFSV1,16'',55'',ESML,,4,5.866319444,,1,Frontlit,Sensomatic,Ladies,Ladies
19,East,A,Guwahati,314SFV1,32'',112'',Backlit Fabric with silicon strip ,,1,24.5,,2,Backlit,Pillar,Mens Denim,Mens
20,East,A,Guwahati,314SFV3,112'',112'',Backlit Fabric with silicon strip ,,,87.11111111,,2,Backlit,Pillar,Mens Denim,Mens
21,East,A,Guwahati,314SFSV1,40'',139'',Translit Film ,,5,37.99131944,,2,Frontlit,Sensomatic,Mens,Mens
22,East,A,Guwahati,314FB1,312'',96'',Grey back vinyl ,,1,208,,1,Frontlit,Façade,Generic,Generic
23,East,A,Guwahati,314FB2,90'',384'',ESML,,,240,,1,Frontlit,Façade,Generic,Generic
24,East,A,Guwahati,314FB3,20',8',Grey back vinyl ,,1,1.111111111,,1,Frontlit,Façade,Generic,Generic
25,East,A,Guwahati,314DTH1,,,ACTUAL,,,,,1,Digital,Façade,Generic,Generic
,,,,,,,,,,,,,,,,
1,East,D,Bhubaneshwar,359GFW3,108'',96'',Backlit Fabric with silicon strip,,1,72,,0,Backlit,Window,Generic,Generic
2,East,D,Bhubaneswar,359GFCC1,95'',47'',Backlit Fabric with silicon strip,,1,31.00694444,,0,Backlit,Cash Counter,Non-apps,Non-apps
3,East,D,Bhubaneshwar,359GFW4,108'',96'',Backlit fabric with silicon strip,,1,,,0,Backlit,Window,Beauty,Beauty
4,East,D,Bhubaneswar,359GFSV1,16'',55'',Translit Film ,,6,6.111111111,,0,Frontlit,Sensomatic,Fragrance,Beauty
5,East,D,Bhubaneswar,359GFSOH1,52'',108'',SB vinyl ,,1,39,,0,Backlit,Pillar,Watches,Non-apps
6,East,D,Bhubaneswar,359GFW1,108'',96'',Backlit Fabric with silicon strip,,1,72,,0,Backlit,Window,Generic,Generic
7,East,D,Bhubaneswar,359GFW2,108'',96'',Backlit Fabric with silicon strip,,1,72,,0,Backlit,Window,Generic,Generic
8,East,D,Bhubaneswar,359FFW1,72'',84'',Backlit Fabric with silicon strip,,1,42,,1,Backlit,Façade,Ladies,Ladies
9,East,D,Bhubaneswar,359FFW2,72'',84'',Backlit Fabric with silicon strip,,1,42,,1,Backlit,Façade,Ladies,Ladies
10,East,D,Bhubaneswar,359FFSV1,16'',55'',Translit Film ,,6,6.111111111,,1,Frontlit,Sensomatic,Ladies,Ladies
11,East,D,Bhubaneswar,359SFW1,72'',84'',Backlit Fabric with silicon strip,,1,42,,2,Backlit,Façade,Mens,Mens
12,East,D,Bhubaneswar,359SFW2,72'',84'',Backlit Fabric with silicon strip,,1,42,,2,Backlit,Façade,Mens,Mens
13,East,D,Bhubaneswar,359SFCP1,96'',48'',Backlit Fabric with silicon strip,,1,32,,2,Backlit,Cash Counter,Mens,Mens
14,East,D,Bhubaneswar,359SFSV1,19'',66.5'' [ d 6'' ],Digital Print on 5 MM Sunboard,,3,#VALUE!,,2,Frontlit,Sensomatic,Mens,Mens
,,,,,,,,,,,,,,,,
1,East,,Shillong,8524FFV1,29'',106'',Backlit Fabric with silicon strip,,1,21.34722222,,,,,,
2,East,,Shillong,8524FFV10,39'',105'',Backlit Fabric with Silicon strip,,1,28.4375,,,,,,
3,East,,Shillong,8524TFV3,34'',95'',Backlit Fabric with Silicon strip,,1,22.43055556,,,,,,
4,East,,Shillong,8524TFV2,26'',95'',Backlit Fabric with Silicon strip,,1,17.15277778,,,,,,
5,East,,Shillong,8524TFCC1,180'',55'',Backlit Fabric with Silicon strip,,1,68.75,,,,,,
6,East,,Shillong,8524SFV5,26'',106'',Backlit Fabric with Silicon strip,,1,19.13888889,,,,,,
7,East,,Shillong,8524SFV4,26'',106'',Backlit Fabric with Silicon strip,,1,19.13888889,,,,,,
8,East,,Shillong,8524SFV3,26'',106'',Backlit Fabric with Silicon strip,,1,19.13888889,,,,,,
9,East,,Shillong,8524SFV2,26'',106'',Backlit Fabric with Silicon strip,,1,19.13888889,,,,,,
10,East,,Shillong,8524SFV1,26'',106'',Backlit Fabric with Silicon strip,,1,19.13888889,,,,,,
11,East,,Shillong,8525FFV14,35'',106'',Backlit Fabric with Silicon strip,,1,25.76388889,,,,,,
12,East,,Shillong,8524FFV13,26'',107'',Backlit Fabric with Silicon strip,,1,19.31944444,,,,,,
13,East,,Shillong,8524FFV12,25'',106'',Backlit Fabric with Silicon strip,,1,18.40277778,,,,,,
14,East,,Shillong,8524FFV11,39'',105'',Backlit Fabric with Silicon strip,,1,28.4375,,,,,,
15,East,,Shillong,8524FFV10,39'',105'',Backlit Fabric with Silicon strip,,1,28.4375,,,,,,
16,East,,Shillong,8524FFV9,39'',105'',Backlit Fabric with Silicon strip,,1,28.4375,,,,,,
17,East,,Shillong,8524FFV8,39'',105'',Backlit Fabric with Silicon strip,,1,28.4375,,,,,,
18,East,,Shillong,8524FFV7,39'',106'',Backlit Fabric with Silicon strip,,1,28.70833333,,,,,,
19,East,,Shillong,8524FFV6,39'',106'',Backlit Fabric with Silicon strip,,1,28.70833333,,,,,,
20,East,,Shillong,8524FFV5,27'',107'',Backlit Fabric with Silicon strip,,1,20.0625,,,,,,
21,East,,Shillong,8524FFV4,26'',107'',Backlit Fabric with Silicon strip,,1,19.31944444,,,,,,
22,East,,Shillong,8524FFV3,26'',107'',Backlit Fabric with Silicon strip,,1,19.31944444,,,,,,
23,East,,Shillong,8524FFV2,24'',105'',Backlit Fabric with Silicon strip,,1,17.5,,,,,,
24,East,,Shillong,8524FFV1,29'',106'',Backlit Fabric with Silicon strip,,1,21.34722222,,,,,,
25,East,,Shillong,8524FFSV1,17'',58'',TRANSLIT,,4,6.645833333,,,,,,
26,East,,Shillong,8524FB2,104'',68'',Backlit Fabric with Silicon strip,,1,49.11111111,,,,,,
27,East,,Shillong,8524FB1,104'',68'',Backlit Fabric with Silicon strip,,1,49.11111111,,,,,,
28,East,,Shillong,8524TFV4,26'',96'',Backlit Fabric with Silicon strip,,1,17.33333333,,,,,,
29,East,,Shillong,,307'',134'',GB Vinyl,,,285.6805556,,,,,,
30,East,,Shillong,,63'',116'',GB vinyl,,,50.75,,,,,,
31,East,,Shillong,,73'',120'',GB vinyl,,,60.83333333,,,,,,
32,East,,Shillong,,46'',120'',GB vinyl,,,38.33333333,,,,,,
33,East,,Shillong,,290'',120'',GB vinyl,,,241.6666667,,,,,,
34,East,,Shillong,,40'',115'',GB vinyl,,,31.94444444,,,,,,
35,East,,Shillong,,16'',134'',GB Vinyl,,,14.88888889,,,,,,
36,East,,Shillong,,36'',134'',GB Vinyl,,,33.5,,,,,,
37,East,,Shillong,,299'',134'',GB Vinyl,,,278.2361111,,,,,,
,,,,,,,,,,,,,,,,
1,East,,Dimapur,8531FFV1,27'',104'',FABRIC BL,,1,19.5,,,,,,
2,East,,Dimapur,8531FFV2,31'',104'',FABRIC BL,,1,22.38888889,,,,,,
3,East,,Dimapur,8531FFFB1,98'',96'',Fabric BL,,1,65.33333333,,,,,,
4,East,,Dimapur,8531FFFB2,98'',96'',Fabric BL,,1,65.33333333,,,,,,
5,East,,Dimapur,8531FFFB3,169'',98'',Fabric BL,,1,115.0138889,,,,,,
6,East,,Dimapur,,640'',122'',Clear Vinyl + White Vinyl,,,542.2222222,,,,,,
7,East,,Dimapur,8531FFV3,27'',104'',FABRIC BL,,1,19.5,,,,,,
8,East,,Dimapur,8531FFV4,27'',104'',FABRIC BL,,1,19.5,,,,,,
9,East,,Dimapur,8531FFV5,27'',104'',FABRIC BL,,1,19.5,,,,,,
10,East,,Dimapur,8531FFV7,27'',104'',FABRIC BL,,1,19.5,,,,,,
11,East,,Dimapur,8531FFV6,27'',104'',FABRIC BL,,1,19.5,,,,,,
12,East,,Dimapur,8531FFV8,27'',104'',FABRIC BL,,1,19.5,,,,,,
13,East,,Dimapur,,27'',104'',FABRIC BL,,1,19.5,,,,,,
14,East,,Dimapur,8531FFV9,27'',104'',FABRIC BL,,1,19.5,,,,,,
15,East,,Dimapur,8531GFCC1,155'',68'',FABRIC BL,,1,73.19444444,,,,,,
16,East,,Dimapur,8531GFSV1,18'',58'',TRANSLIT,,1,7.048611111,,,,,,
17,East,,Dimapur,,18'',58'',TRANSLIT,,1,7.048611111,,,,,,
18,East,,Dimapur,8531GFV1,27'',104'',FABRIC BL,,1,19.5,,,,,,
19,East,,Dimapur,8531GFV2,27'',119'',FABRIC BL,,1,22.3125,,,,,,
20,East,,Dimapur,8531GFV3,27'',104'',FABRIC BL,,1,19.5,,,,,,
21,East,,Dimapur,8531GFV4,27'',104'',FABRIC BL,,1,19.5,,,,,,
22,East,,Dimapur,8531GFV5,27'',104'',FABRIC BL,,1,19.5,,,,,,
23,East,,Dimapur,8531GFV6,26'',119'',FABRIC BL,,1,21.48611111,,,,,,
24,East,,Dimapur,8531GFV7,26'',119'',FABRIC BL,,1,21.48611111,,,,,,
25,East,,Dimapur,8531GFV8,27'',112'',FABRIC BL,,1,21,,,,,,
26,East,,Dimapur,8531GFV8,27'',112'',FABRIC BL,,1,21,,,,,,
27,East,,Dimapur,8531GFV9,27'',112'',FABRIC BL,,1,21,,,,,,
28,East,,Dimapur,8531GFV10,26'',112'',FABRIC BL,,1,20.22222222,,,,,,
29,East,,Dimapur,8531GFV11,27'',111'',FABRIC BL,,1,20.8125,,,,,,
30,East,,Dimapur,8531GFV12,27'',111'',FABRIC BL,,1,20.8125,,,,,,
31,East,,Dimapur,8531GFV13,27'',112'',FABRIC BL,,1,21,,,,,,
32,East,,Dimapur,8531GFV14,26'',119'',FABRIC BL,,1,21.48611111,,,,,,
33,East,,Dimapur,8531GFV15,49'',105'',FABRIC BL,,1,35.72916667,,,,,,
34,East,,Dimapur,8531SFCC1,155'',67'',FABRIC BL,,1,72.11805556,,,,,,
35,East,,Dimapur,8531SFV1,27'',104'',FABRIC BL,,1,19.5,,,,,,
36,East,,Dimapur,8531SFV2,28'',104'',FABRIC BL,,1,20.22222222,,,,,,
37,East,,Dimapur,8531SFV3,29'',104'',FABRIC BL,,1,20.94444444,,,,,,
38,East,,Dimapur,8531SFV4,27'',104'',FABRIC BL,,1,19.5,,,,,,
39,East,,Dimapur,8531SFV5,28'',104'',FABRIC BL,,1,20.22222222,,,,,,
40,East,,Dimapur,8531SFV6,28'',104'',FABRIC BL,,1,20.22222222,,,,,,
41,East,,Dimapur,8531SFV7,28'',104'',FABRIC BL,,1,20.22222222,,,,,,
42,East,,Dimapur,8531TFV1,27'',104'',FABRIC BL,,1,19.5,,,,,,
43,East,,Dimapur,8531SFV2,27'',104'',FABRIC BL,,1,19.5,,,,,,
,,,,,,,,,,,,,,,,
45,East,,QWEST,8713GFV4,419mm ,1665mm,FABRIC BL,,1,#VALUE!,,,,,,