f,Zone,Grade,Store Name,Space code,W,H,Material,D,Qty,Sq.ft.,Cost,,Inventory Medium,Inventory Type,Location,Category,Beauty SOH Type
1,North,D,Agra,86FFSOH1,31'',112'',ESML,30,1,24.00347222,,,,,,,
2,North,D,Agra,86FFSOH1A,32'',112'',ESMl,,1,24.77777778,,1,Frontlit,Pillar,Mens Denim,Mens,
3,North,D,Agra,86FFSOH1B,33'',112'',ESML,,1,25.16493056,,1,Frontlit,Pillar,Mens Denim,Mens,
4,North,D,Agra,86FFSOH5,32'',98'',ESMl,,1,21.77777778,,,,,,,
5,North,D,Agra,86FFSOH7,26'',112'',ESML,,1,20.13194444,,,,,,,
6,North,D,Agra,86FFSOH7A,26'',112'',ESML,,1,20.13194444,,1,Frontlit,Pillar,Mens Denim,Mens,
7,North,D,Agra,86FFSOH7B,26'',112'',ESML,,1,20.13194444,,1,Frontlit,Pillar,Mens Denim,Mens,
8,North,D,Agra,86FFSOH10,27'',100'',ESML,,1,18.65625,,1,Frontlit,Pillar,Mens Denim,Mens,
9,North,D,Agra,86FFSOH10A,27'',100'',ESML,,1,18.31076389,,,,,,,
10,North,D,Agra,86FFSOH10B,27'',100'',ESML,,1,18.65625,,,,,,,
11,North,D,Agra,86FFSOH13,31'',111'',ESML,,1,23.78819444,,1,Frontlit,Pillar,UGS,Mens,
12,North,D,Agra,86FFSOH14,30'',107'',ESML,,1,22.29166667,,1,Frontlit,Pillar,UGS,Mens,
13,North,D,Agra,86FFSOH15,32'',112'',ESML,,1,24.390625,,1,Frontlit,Pillar,UGS,Mens,
14,North,D,Agra,86FFSOH16,32'',113'',ESML,,1,24.609375,,,,,,,
15,North,D,Agra,86FFSOH16A,32'',113'',ESML,,1,24.609375,,1,Frontlit,Pillar,Mens Formal,Mens,
16,North,D,Agra,86FFSOH16B,32'',113'',ESML,,1,24.609375,,1,Frontlit,Pillar,Mens Formal,Mens,
17,North,D,Agra,86FFSOH19,32'',116'',ESML,,1,25.265625,,1,Frontlit,Pillar,Mens Formal,Mens,
18,North,D,Agra,86FFSOH21,33'',100'',ESML,,1,22.45659722,,,,,,,
19,North,D,Agra,86FFSOH24,25'',112'',ESML,,1,19.35763889,,,,,,,
20,North,D,Agra,86FFSOH24A,25'',112'',ESML,,1,19.35763889,,1,Frontlit,Pillar,Kids,kids,
21,North,D,Agra,86FFSOH24B,25'',112'',ESML,,1,19.35763889,,1,Frontlit,Pillar,Kids,kids,
22,North,D,Agra,86FFSOH36,43'',106'',ESML,,1,31.28472222,,1,Frontlit,Pillar,Mens Formal,Mens,
23,North,D,Agra,86FFSOH37,43'',106'',ESML,,1,31.28472222,,1,Frontlit,Pillar,Mens Formal,Mens,
24,North,D,Agra,86FFSOH38,43'',107'',ESML,,1,31.43229167,,,,,,,
25,North,D,Agra,86FFSOH39,98'',50'',ESML,,1,33.6875,,,,,,,
26,North,D,Agra,86FFSOH41,98'',50'',Esml,,1,33.6875,,,,,,,
27,North,D,Agra,86GFSOH4,48'',108'',ESML,,1,36,,0,Frontlit,Pillar,Fragrance,Beauty,
28,North,D,Agra,86GFSOH6,27'',69'',ESML,,1,12.84375,,0,Frontlit,Pillar,Watches,Non-apps,
29,North,D,Agra,86GFSOH9,25'',106'',ESML,,1,18.40277778,,0,Frontlit,Pillar,Watches,Non-apps,
30,North,D,Agra,86GFSOH10,86'',52'',ESML,,1,31.05555556,,,,,,,
31,North,D,Agra,86GFSOH11,,,Need Recce,,,,,,,,,,
32,North,D,Agra,86GFSOH12,60'',115'',ESML,,1,47.31076389,,0,Frontlit,Pillar,Luggage,Luggage,
33,North,D,Agra,86GFSOH13,48'',114'',ESML,,1,38,,0,Frontlit,Pillar,Ladies Footwear,Leather,
34,North,D,Agra,86GFSOH15,25'',108'',ESML,,1,18.75,,0,Frontlit,Pillar,Ladies Western,Ladies,
35,North,D,Agra,86GFSOH16,48'',108'',ESML,,1,36,,0,Frontlit,Pillar,Lingerie,Ladies,
36,North,D,Agra,86GFSOH18,31'',99'',ESML,,1,21.3125,,,,,,,
37,North,D,Agra,86GFSOH20,32'',100'',ESML,,1,22.11111111,,,,,,,
38,North,D,Agra,86GFSOH22,,,Need Recce,,,,,0,Frontlit,Window,Generic,Generic,
39,North,D,Agra,86GFSOH24,126'',106'',ESML,,1,92.75,,0,Frontlit,Window,Generic,Generic,
40,North,D,Agra,86GFSV1,"23""",61'',Digital print on 5mm sunboard,"6""",2,#VALUE!,,0,Frontlit,Sensomatic,Fragrance,Beauty,
41,North,D,Agra,86FFCC,25'',112'',ESML,,1,18.97048611,,,,,,,
42,North,D,Agra,86GFSOH8,27'',69'',ESML,,1,12.84375,,0,Frontlit,Pillar,Watches,Non-apps,
43,North,D,Agra,86GFSOH18A,,,Actual,,,,,0,Frontlit,Pillar,Indian Wear,Ladies,
44,North,D,Agra,86GFSOH18B,,,Actual,,,,,0,Frontlit,Pillar,Indian Wear,Ladies,
45,North,D,Agra,86GFSOH20A,,,Actual,,,,,0,Frontlit,Pillar,Indian Wear,Ladies,
46,North,D,Agra,86GFSOH20B,,,Actual,,,,,0,Frontlit,Pillar,Indian Wear,Ladies,
47,North,D,Agra,86GFSOH23,,,Actual,,,,,0,Frontlit,Window,Generic,Generic,
48,North,D,Agra,86GFSOH25,,,Actual,,,,,0,Frontlit,Window,Generic,Generic,
49,North,D,Agra,86GFSOH25A,,,Actual,,,,,0,Frontlit,Window,Generic,Generic,
50,North,D,Agra,86GFSOH25B,,,Actual,,,,,0,Frontlit,Window,Generic,Generic,
51,North,D,Agra,86GFSOH26,,,Need Recce,,,,,0,Frontlit,Pillar,Indian Wear,Ladies,
52,North,D,Agra,86GFSV2,,,Need Recce,,,,,0,Frontlit,Sensomatic,Ladies,Ladies,
53,North,D,Agra,86FFSOH1C,,,Actual,,,,,1,Frontlit,Pillar,Mens Denim,Mens,
54,North,D,Agra,86FFSOH5A,,,Actual,,,,,1,Frontlit,Pillar,Mens Denim,Mens,
55,North,D,Agra,86FFSOH5B,,,Actual,,,,,1,Frontlit,Pillar,Mens Denim,Mens,
56,North,D,Agra,86FFSOH7C,,,Actual,,,,,1,Frontlit,Pillar,Mens Denim,Mens,
57,North,D,Agra,86FFSOH16C,,,Actual,,,,,1,Frontlit,Pillar,Mens Formal,Mens,
58,North,D,Agra,86FFSOH21A,32'',100'',ESML,,1,22.11111111,,1,Frontlit,Pillar,Mens Formal,Mens,
59,North,D,Agra,86FFSOH21B,,,Actual,,,,,1,Frontlit,Pillar,Mens Formal,Mens,
60,North,D,Agra,86FFSOH24C,,,Actual,,,,,1,Frontlit,Pillar,Kids,kids,
61,North,D,Agra,86FFSOH26A,,,Actual,,,,,1,Frontlit,Pillar,Mens Denim,Mens,
62,North,D,Agra,86FFSOH26B,,,Actual,,,,,1,Frontlit,Pillar,Mens Denim,Mens,
63,North,D,Agra,86FFSOH30,,,Need Recce,,,,,1,Frontlit,Façade,Mens,Mens,
64,North,D,Agra,86FFSOH31,,,Need Recce,,,,,1,Frontlit,Façade,Mens,Mens,
65,North,D,Agra,86FFSOH32,,,Need Recce,,,,,1,Frontlit,Façade,Mens,Mens,
66,North,D,Agra,86FFSOH33,,,Need Recce,,,,,1,Frontlit,Façade,Generic,Generic,
67,North,D,Agra,86FFSOH34,,,Need Recce,,,,,1,Frontlit,Pillar,Mens Denim,Mens,
68,North,D,Agra,86FFSOH35,40'',102'',ESML,,1,28.33333333,,1,Frontlit,Pillar,Mens Denim,Mens,
,,,,,,,,,,,,,,,,,
1,North,D,Dwarka,230FFCC1,121'',69'',Backlit fabric with silicon stirp,,1,57.97916667,,1,Backlit ,Cash Counter,Mens ,Mens ,
2,North,D,Dwarka,230FFV3,35'',102'',Backlit fabric with silicon stirp,,1,24.79166667,,1,Backlit ,Pillar,Mens Denim,Mens ,
3,North,D,Dwarka,230FFV4,71'',91'',Backlit fabric with silicon stirp,,1,44.99131944,,1,Backlit ,Façade,Mens,Mens,
4,North,D,Dwarka,230FFW1,20'',124'',Digital print on 5mm sunboard,,1,17.22222222,,-1,Frontlit,Window,Generic,Generic,
5,North,D,Dwarka,230GFCC1,115'',61'',Backlit fabric with silicon stirp,,1,48.82118056,,0,Backlit ,Cash Counter,Non-apps,Non-apps,
6,North,D,Dwarka,230GFSV1,22'',64'',Translit Film,"6""",9,9.777777778,,0,Frontlit,Sensomatic,Beauty,Beauty,
7,North,D,Dwarka,230GFV1,51'',106'',Backlit fabric with silicon stirp,,1,37.81467014,,0,Backlit ,Pillar,Watches,Non-apps,
8,North,D,Dwarka,230GFV2,54'',106'',Backlit fabric with silicon stirp,,1,39.65928819,,0,Backlit ,Pillar,Sunglass,Non-apps,
9,North,D,Dwarka,230GFV3,54'',106'',Backlit fabric with silicon stirp,,1,39.65928819,,0,Backlit ,Pillar,Sunglass,Non-apps,
10,North,D,Dwarka,230GFV4,51'',106'',Backlit fabric with silicon stirp,,1,37.72569444,,0,Backlit ,Pillar,Fragrance,Beauty,
11,North,D,Dwarka,230GFV5,35'',102'',Backlit fabric with silicon stirp,,1,24.79166667,,0,Backlit ,Pillar,Ladies Western,Ladies,
12,North,D,Dwarka,230GFV6,35'',102'',Backlit fabric with silicon stirp,,1,24.96875,,0,Backlit ,Pillar,Ladies Western,Ladies,
13,North,D,Dwarka,230GFV7,56'',106'',Backlit fabric with silicon stirp,,1,40.89270833,,0,Backlit ,Façade,Non-apps,Non-apps,
14,North,D,Dwarka,230LGSV1,,,Need Recce,,,,,-1,Frontlit,Sensomatic,Ladies Western,Ladies,
15,North,D,Dwarka,230LGV1,,,Need Recce,,,,,-1,Backlit ,Pillar,Leather,Leather,
16,North,D,Dwarka,230LGV3,,,Need Recce,,,,,-1,Backlit ,Pillar,Home ,Home ,
17,North,D,Dwarka,230LGV4,35'',102'',Backlit fabric with silicon stirp,,1,24.79166667,,-1,Backlit ,Pillar,Indian Wear,Ladies,
18,North,D,Dwarka,230LGV5,,,Need Recce,,,,,-1,Backlit ,Pillar,Lingerie,Ladies,
19,North,D,Dwarka,230DS01,,,Actual,,,,,0,Digital,Store Entrance,Non-apps,Non-apps,
20,North,D,Dwarka,230LGFB1,,,Actual,,,,,-1,Backlit ,Façade,Generic,Generic,
21,North,D,Dwarka,230FFV1,35'',102'',Backlit fabric with silicon stirp,,1,24.61458333,,1,Backlit ,Pillar,Mens Formal,Mens ,
22,North,D,Dwarka,230FFV2,35'',102'',Backlit fabric with silicon stirp,,1,24.61458333,,1,Backlit ,Pillar,Mens Denim,Mens ,
23,North,D,Dwarka,230FFSV1,17'',48'',Translit Film,,14,5.5,,1,Frontlit,Sensomatic,Mens,Mens ,
24,North,D,Dwarka,230LGCC1,115'',65'',Backlit fabric with silicon stirp,,1,51.51041667,,-1,Backlit ,Cash Counter,Ladies,Ladies,
25,North,D,Dwarka,230LGV2,,,Need Recce,,,,,-1,Backlit ,Pillar,Kids,Kids,
,,,,,,,,,,,,,,,,,
1,North,D,EDM Ghaziabad,500GFCC1,68'',222'',Backlit fabric with silicon strip,,1,103.9819444,,0,backlit,Cash Counter,Generic,Generic,
2,North,D,EDM Ghaziabad,500GFSOH1,45'',121'',Backlit fabric with silicon strip,,1,37.54580694,,0,backlit,Pillar,Beauty,Beauty,
3,North,D,EDM Ghaziabad,500GFSOH2,46'',116'',Backlit fabric with silicon strip,,1,36.89583333,,0,backlit,Pillar,Fragrance,Beauty,
4,North,D,EDM Ghaziabad,500GFSOH3,45'',115'',Backlit fabric with silicon strip,,1,35.78125,,0,backlit,Pillar,Watches,Non-apps,
5,North,D,EDM Ghaziabad,500GFSOH4,46'',114'',Backlit fabric with silicon strip,,1,36.41666667,,0,backlit,Pillar,Sunglass,Non-apps,
6,North,D,EDM Ghaziabad,500GFSOH5,29'',104'',Backlit fabric with silicon strip,,1,20.94444444,,0,backlit,Pillar,Ladies Western,Ladies,
7,North,D,EDM Ghaziabad,500GFSOH6,46'',10'',Backlit fabric with silicon strip,,1,3.352218056,,0,backlit,Pillar,Women Athleisure,Ladies,
8,North,D,EDM Ghaziabad,500GFSOH7,47'',104'',Backlit fabric with silicon strip,,1,33.58333333,,0,backlit,Pillar,Mens Denim,Mens,
9,North,D,EDM Ghaziabad,500GFSOH8,23'',104'',Backlit fabric with silicon strip,,1,16.82777778,,0,backlit,Pillar,Lingerie,Ladies,
10,North,D,EDM Ghaziabad,500GFSOH9,47'',104'',Backlit fabric with silicon strip,,1,33.94444444,,0,backlit,Pillar,Lingerie,Ladies,
11,North,D,EDM Ghaziabad,500GFSV2,14'',55'',Translit film,,8,5.15625,,0,Frontlit,Sensomatic,Beauty,Beauty,
12,North,D,EDM Ghaziabad,500GFFB1,,,Need Recce,,,,,0,backlit,Façade,Generic,Generic,
13,North,D,EDM Ghaziabad,500GFSV1,13'',55'',Translit film,,10,4.965277778,,0,Frontlit,Sensomatic,Beauty,Beauty,
14,North,D,EDM Ghaziabad,500GFSV3,13'',55'',Translit film,,6,4.965277778,,0,Frontlit,Sensomatic,Generic,Generic,
,,,,,,,,,,,,,,,,,
1,North,C,Emerald,226FFCC1,162'',55'',Backlit Fabric with silicon strip,,1,61.12326389,,1,backlit,Cash Counter,Ladies,Ladies,
2,North,C,Emerald,226FFFB1,105'',87'',Backlit Fabric with silicon strip,,1,63.07291667,,1,backlit,Façade,Ladies,Ladies,
3,North,C,Emerald,226FFV1,40'',121'',Backlit Fabric with silicon strip,,1,33.19097222,,1,backlit,Pillar,Indian Wear,Ladies,
4,North,C,Emerald,226FFV2,35'',102'',Backlit Fabric with silicon strip,,1,24.4375,,1,backlit,Pillar,Ladies Western,Ladies,
5,North,C,Emerald,226FFV3,35'',102'',Backlit Fabric with silicon strip,,1,24.4375,,1,backlit,Pillar,Ladies Western,Ladies,
6,North,C,Emerald,226FFV4,39'',106'',Backlit Fabric with silicon strip,,1,28.34027778,,1,backlit,Pillar,Kids,KIDS,
7,North,C,Emerald,226FFV5,62'',105'',Backlit Fabric with silicon strip,,1,45.20833333,,1,backlit,Pillar,Indian Wear,Ladies,
8,North,C,Emerald,226FFV6,39'',104'',Backlit Fabric with silicon strip,,1,28.03125,,1,backlit,Pillar,Lingerie,Ladies,
9,North,C,Emerald,226FFV7,38'',104'',Backlit Fabric with silicon strip,,1,27.3125,,1,backlit,Pillar,Lingerie,Ladies,
10,North,C,Emerald,226FFV8,35'',102'',Backlit Fabric with silicon strip,,1,24.79166667,,1,backlit,Pillar,Indian Wear,Ladies,
11,North,C,Emerald,226GFCC1,161'',55'',Backlit Fabric with silicon strip,,1,61.49305556,,0,backlit,Cash Counter,Non-apps,Non-apps,
12,North,C,Emerald,226GFFB1,126'',480'',Flex,,1,420,,0,backlit,Façade,Beauty,Beauty,
13,North,C,Emerald,226GFV2,45'',111'',Backlit Fabric with silicon strip,,1,34.30208333,,0,backlit,Pillar,Beauty,Beauty,
14,North,C,Emerald,226GFV3,,,,,1,0,,0,backlit,Pillar,Fragrance,Beauty,
15,North,C,Emerald,226GFV4,48'',111'',Backlit Fabric with silicon strip,,1,36.61458333,,0,backlit,Pillar,Watches,Non-apps,
16,North,C,Emerald,226GFV5,30'',111'',Backlit Fabric with silicon strip,,1,23.125,,0,backlit,Pillar,Watches,Non-apps,
17,North,C,Emerald, 226GFV6,47'',111'',Backlit Fabric with silicon strip,,1,36.22916667,,0,backlit,Pillar,Watches,Non-apps,
18,North,C,Emerald,226GFV6A,30'',111'',Backlit Fabric with silicon strip,,1,23.125,,0,backlit,Pillar,Watches,Non-apps,
20,North,C,Emerald,226SFCC1,128'',58'',Backlit Fabric with silicon strip,,1,51.55555556,,2,backlit,Cash Counter,Mens,Mens,
21,North,C,Emerald,226SFV1,34'',106'',Backlit Fabric with silicon strip,,1,25.02777778,,2,backlit,Pillar,Mens Denim,Mens,
22,North,C,Emerald,226SFV2,34'',106'',Backlit Fabric with silicon strip,,1,25.02777778,,2,backlit,Pillar,Mens Formal,Mens,
23,North,C,Emerald,226SFV3,58'',106'',Backlit Fabric with silicon strip,,1,42.32638889,,2,backlit,Pillar,Mens Formal,Mens,
24,North,C,Emerald,226SFV5,35'',102'',Backlit Fabric with silicon strip,,1,24.4375,,2,backlit,Pillar,Mens Denim,Mens,
25,North,C,Emerald,226SFV6,35'',102'',Backlit Fabric with silicon strip,,1,24.79166667,,2,backlit,Pillar,Mens Athleisure,Mens,
26,North,C,Emerald,226GFSV1,16'',48'',translit film,,14,5.277777778,,0,Frontlit,Sensomatic,Beauty,Beauty,
27,North,C,Emerald,226GFSV2,16'',48'',translit film,,4,5.333333333,,0,Frontlit,Sensomatic,Fragrance,Beauty,
28,North,C,Emerald,226DS01,,,Need Recce,,,,,0,Digital,Store Entrance,Generic,Generic,
29,North,C,Emerald,226GFV7,,,Need Recce,,,,,0,backlit,Pillar,Mens Footwear,Leather,
30,North,C,Emerald,226FFSV1,,,Actual,,,,,1,Frontlit,Sensomatic,Ladies,Ladies,
31,North,C,Emerald,226SFSV2,,,Actual,,,,,2,Frontlit,Sensomatic,Mens,Mens,
,,,,,,,,,,,,,,,,,
1,North,C,Faridabad,8503GFSOH1,56'',150'',Backlit Fabric with silicon Strip,,1,57.8125,,0,Backlit ,Façade,Generic,Generic,
2,North,C,Faridabad,8503GFSOH2,40'',108'',Backlit Fabric with silicon Strip,,1,30.04774306,,0,Backlit ,Pillar,Watches,Non-apps,
3,North,C,Faridabad,8503GFSOH3,38'',108'',Backlit Fabric with silicon Strip,,1,28.5546875,,0,Backlit ,Pillar,Watches,Non-apps,
4,North,C,Faridabad,8503GFSOH4,6',9',Backlit Fabric with silicon Strip,,1,0.3625,,0,Backlit ,Pillar,Fragrance,Beauty,
5,North,C,Faridabad,8503GFSOH6,101'',94'',Backlit Fabric with silicon Strip,,1,66.10590278,,0,Backlit ,Pillar,Mens Denim,Mens,
6,North,C,Faridabad,8503GFSV1,,,Need Recce,,,,,0,Frontlit,Sensomatic,Generic,Generic,
7,North,C,Faridabad,8503DS01,,,Actual,,,,,0,Digital,Digital,Generic,Generic,
8,North,C,Faridabad,8503GFSV2,,,Need Recce,,,,,0,Frontlit,Sensomatic,Fragrance,Beauty,
9,North,C,Faridabad,8503GFSOH5,,,Need Recce,,,,,0,Backlit ,Pillar,Ladies Western,ladies,
,,,,,,,,,,,,,,,,,
1,North,A,Lucknow,21L1GP1,,,,,,,,0,Frontlit,Façade,Generic,Generic,
2,North,A,Lucknow,21L1GP2,114'',90'',ESML,,1,71.25,,0,Frontlit,Façade,Generic,Generic,
3,North,A,Lucknow,21L1ODVIS1,148'',112'',ESML,,1,115.1111111,,0,Frontlit,Window,Non-apps,Non-apps,
4,North,A,Lucknow,21L1ODVIS3,96'',72'',Flex,,1,48,,0,Frontlit,Window,Generic,Generic,
5,North,A,Lucknow,21L1ODVIS4,48'',72'',Flex,,1,24,,0,Frontlit,Window,Generic,Generic,
6,North,A,Lucknow,21L1ODVIS5,198'',72'',Flex,,1,99,,0,Frontlit,Window,Generic,Generic,
7,North,A,Lucknow,21L1ODVIS6,72'',72'',Flex,,1,36,,0,Frontlit,Window,Generic,Generic,
8,North,A,Lucknow,21L1ODVIS7,96'',72'',Flex,,1,48,,0,Frontlit,Window,Generic,Generic,
9,North,A,Lucknow,21L1ODVIS8,72'',72'',Flex,,1,36,,0,Frontlit,Window,Generic,Generic,
10,North,A,Lucknow,21L1ODVIS9,96'',72'',Flex,,1,48,,0,Frontlit,Window,Generic,Generic,
11,North,A,Lucknow,21L1ODVIS10,30'',72'',Flex,,1,15,,0,Frontlit,Window,Generic,Generic,
12,North,A,Lucknow,21L1ODVIS11,240'',72'',Flex,,1,120,,0,Frontlit,Window,Generic,Generic,
13,North,A,Lucknow,21L1ODVIS12,96'',72'',Flex,,1,48,,0,Frontlit,Window,Generic,Generic,
14,North,A,Lucknow,21L1VIS1,,,Need Recce,,,,,0,Frontlit,Pillar,Sunglass,Non-apps,
15,North,A,Lucknow,21L1VIS3,27'',90'',ESML,,1,16.875,,0,Frontlit,Pillar,Ladies Footwear,Leather,
16,North,A,Lucknow,21L1VIS4,,,Need Recce,,,,,0,Frontlit,Pillar,Mens Footwear,Leather,
17,North,A,Lucknow,21L1VIS5,30'',111'',Backlit Fabric with silicon strip,,1,23.125,,0,Frontlit,Pillar,Fragrance,Beauty,
18,North,A,Lucknow,21L1VM1,93'',103'',Flex,,1,66.52083333,,0,Frontlit,Window,Non-apps,Non-apps,
19,North,A,Lucknow,21L2CC1,225'',77'',Backlit Fabric with silicon strip,,,120.3125,,1,Backlit ,Cash Counter,Mens,Mens,
20,North,A,Lucknow,21L2ODVIS1,,,Need Recce,,,,,1,Frontlit,Façade,Mens,Mens,
21,North,A,Lucknow,21L2ODVIS2,11'',10'',ESML,,1,0.7413333333,,1,Frontlit,Window,Mens,Mens,
22,North,A,Lucknow,21L2ODVIS3,,,Need Recce,,,,,1,Frontlit,Window,Mens,Mens,
23,North,A,Lucknow,21L2VIS1,36'',123'',ESML,,1,30.75,,1,Frontlit,Pillar,Mens Denim,Mens,
24,North,A,Lucknow,21L2VIS2,36'',123'',ESML,,1,30.75,,1,Frontlit,Pillar,Mens Denim,Mens,
25,North,A,Lucknow,21L2VIS3,36'',123'',ESML,,1,30.75,,1,Frontlit,Pillar,Mens Denim,Mens,
26,North,A,Lucknow,21L2VIS4,36'',123'',ESML,,1,30.75,,1,Frontlit,Pillar,Mens Denim,Mens,
27,North,A,Lucknow,21L2VIS5,36'',123'',ESML,,1,30.75,,1,Frontlit,Pillar,Mens Denim,Mens,
28,North,A,Lucknow,21L2VIS6,36'',123'',ESML,,1,30.75,,1,Frontlit,Pillar,Mens Denim,Mens,
29,North,A,Lucknow,21L2VIS7,32'',123'',ESML,,1,27.33333333,,1,Frontlit,Pillar,Mens Formal,Mens,
30,North,A,Lucknow,21L2VIS8,32'',138'',ESML,,1,30.66666667,,1,Frontlit,Pillar,Mens Formal,Mens,
31,North,A,Lucknow,21L2VIS9,32'',138'',ESML,,1,30.66666667,,1,Frontlit,Pillar,Mens Denim,Mens,
32,North,A,Lucknow,21L2VIS10,32'',123'',ESML,,1,27.33333333,,1,Frontlit,Pillar,Mens Denim,Mens,
33,North,A,Lucknow,21L2VIS11,34'',123'',ESML,,1,29.04166667,,1,Frontlit,Pillar,Mens Formal,Mens,
34,North,A,Lucknow,21L2VIS12,32'',123'',ESML,,1,27.33333333,,1,Frontlit,Pillar,Mens Denim,Mens,
35,North,A,Lucknow,21L2VIS13,32'',123'',ESML,,1,27.33333333,,1,Frontlit,Pillar,Mens Formal,Mens,
36,North,A,Lucknow,21L2VIS14,32'',138'',ESML,,1,30.66666667,,1,Frontlit,Pillar,Mens Denim,Mens,
37,North,A,Lucknow,21L2VIS15,32'',139'',ESML,,1,30.77777778,,1,Frontlit,Pillar,Mens Denim,Mens,
38,North,A,Lucknow,21L2VIS16,32'',123'',ESML,,1,27.33333333,,1,Frontlit,Pillar,Mens Denim,Mens,
39,North,A,Lucknow,21L3CC1,176'',76'',Backlit Fabric with silicon strip,,1,92.88888889,,2,Backlit ,Cash Counter,Ladies,Ladies,
40,North,A,Lucknow,21L3ODVIS2,154'',112'',ESML,,1,119.7777778,,2,Frontlit,Window,Ladies,Ladies,
41,North,A,Lucknow,21L3ODVIS3,140'',112'',ESML,,1,108.8888889,,2,Frontlit,Window,Ladies,Ladies,
42,North,A,Lucknow,21L3ODVIS4,321'',135'',ESML,,1,300.9375,,2,Frontlit,Façade,Ladies,Ladies,
43,North,A,Lucknow,21FFSV1,,,Need Recce,,,,,1,Frontlit,Sensomatic,Mens,Mens,
44,North,A,Lucknow,21SFSV1,29'',63'',Digital print on 5mm sunboard,"7.5""",2,12.36979167,,2,Frontlit,Sensomatic,Ladies,Ladies,
45,North,A,Lucknow,21L3VIS1,,,Need Recce,,,,,2,Frontlit,Pillar,Lingerie,Ladies,
46,North,A,Lucknow,21L3VIS2,,,Need Recce,,,,,2,Frontlit,Pillar,Lingerie,Ladies,
47,North,A,Lucknow,21L3VIS3,,,Need Recce,,,,,2,Frontlit,Pillar,Ladies Western,Ladies,
48,North,A,Lucknow,21L3VIS4,,,Actual,,,,,2,Frontlit,Pillar,Lingerie,Ladies,
49,North,A,Lucknow,21L1VIS2,27'',137'',ESML,,1,25.21180556,,0,Frontlit,Pillar,Watches,Non-apps,
50,North,A,Lucknow,21GFSV1,"32""","63""",VOSB,10,2,#VALUE!,,0,Frontlit,Sensomatic,Fragrance,Beauty,
51,North,A,Lucknow,21GFSV2,29'',63'',Digital print on 5mm sunboard,10,2,12.46875,,0,Frontlit,Sensomatic,Beauty,Beauty,
52,North,A,Lucknow,21GFSV3,18'',57'',Digital print on 5 mm sunboard,"5""",2,7.125,,0,Frontlit,Sensomatic,Beauty,Beauty,
53,North,A,Lucknow,21L1ODVIS2,141'',112'',ESML,,1,109.6666667,,0,Frontlit,Window,Non-apps,Non-apps,
54,North,A,Lucknow,21DS01,,,Need Recce,,,,,0,Digital,Cash Counter,Generic,Generic,
,,,,,,,,,,,,,,,,,
1,North,C,Gaur Noida,259FFCC1,204'',71'',Backlit Fabric with Silion Strips,,1,99.875,,1,backlit,Cash Counter,Mens,Mens,
2,North,C,Gaur Noida,259FFSOH2,53'',113'',Backlit Fabric with Silion Strips,,1,41.54483611,,1,backlit,Pillar,UGS,Mens ,
3,North,C,Gaur Noida,259FFSOH3A,30'',63'',Backlit Fabric with Silion Strips,,1,13.3119,,1,backlit,Escalator,Mens Denim,Mens ,
4,North,C,Gaur Noida,259FFSOH3B,30'',63'',Backlit Fabric with Silion Strips,,1,13.3119,,1,backlit,Escalator,Mens Denim,Mens ,
5,North,C,Gaur Noida,259FFSOH4A,30'',63'',Backlit Fabric with Silion Strips,,1,13.3119,,1,backlit,Escalator,Mens Denim,Mens ,
6,North,C,Gaur Noida,259FFSOH4B,30'',63'',Backlit Fabric with Silion Strips,,1,13.3119,,1,backlit,Escalator,Mens Denim,Mens ,
7,North,C,Gaur Noida,259FFSOH5,30'',63'',Backlit Fabric with Silion Strips,,1,13.3119,,1,backlit,Escalator,Mens Denim,Mens ,
8,North,C,Gaur Noida,259FFSOH6,43'',117'',Backlit Fabric with Silion Strips,,1,35.05102361,,1,backlit,Pillar,Mens Denim,Mens,
9,North,C,Gaur Noida,259FFSOH7,51'',118'',Backlit Fabric with Silion Strips,,1,41.65838125,,1,backlit,Pillar,Mens Formal,Mens,
10,North,C,Gaur Noida,259FFSOH8,53'',115'',Backlit Fabric with Silion Strips,,1,42.41515625,,1,backlit,Pillar,Mens Formal,Mens,
11,North,C,Gaur Noida,259FFSOH9,39'',106'',Backlit Fabric with Silion Strips,,1,28.72068056,,1,backlit,Pillar,Mens Denim,Mens,
12,North,C,Gaur Noida,259FFSOH10,53'',115'',Backlit Fabric with Silion Strips,,1,42.19820833,,1,backlit,Pillar,Mens Formal,Mens,
13,North,C,Gaur Noida,259FFSOH11,39'',106'',Backlit Fabric with Silion Strips,,1,28.77481944,,1,backlit,Pillar,Mens Formal,Mens,
14,North,C,Gaur Noida,259FFSOH13,39'',106'',Backlit Fabric with Silion Strips,,1,28.77481944,,1,backlit,Pillar,Mens Denim,Mens,
15,North,C,Gaur Noida,259FFSV1,,,Need Recce,,,,,1,Frontlit,Sensomatic,Mens,Mens,
17,North,C,Gaur Noida,259GFCC1,19’10.5”,70.5,Backlit Fabric with Silion Strips,,1,,,0,backlit,Cash Counter,Non-apps,Non-apps,
18,North,C,Gaur Noida,259GFSOH1,73'',116'',Backlit Fabric with Silion Strips,,1,58.76198958,,0,backlit,Pillar,Fragrance,Beauty,
19,North,C,Gaur Noida,259GFSOH2,51'',115'',Backlit Fabric with Silion Strips,,1,40.7200875,,0,backlit,Pillar,Sunglass,Non-apps,
20,North,C,Gaur Noida,259GFSOH3,51'',115'',Backlit Fabric with Silion Strips,,1,40.69903333,,0,backlit,Pillar,Watches,Non-apps,
21,North,C,Gaur Noida,259GFSOH4,50'',118'',Backlit Fabric with Silion Strips,,1,40.48727222,,0,backlit,Pillar,Handbags,Leather,
22,North,C,Gaur Noida,259GFSOH5,50'',117'',Backlit Fabric with Silion Strips,,1,40.98736597,,0,backlit,Pillar,Ladies Footwear,Leather,
23,North,C,Gaur Noida,259GFSOH6A,36'',63'',Backlit Fabric with Silion Strips,,1,15.77266458,,0,backlit,Escalator,Non-apps,Non-apps,
24,North,C,Gaur Noida,259GFSOH6B,36'',63'',Backlit Fabric with Silion Strips,,1,15.77266458,,0,backlit,Escalator,Non-apps,Non-apps,
25,North,C,Gaur Noida,259GFSOH7A,36'',63'',Backlit Fabric with Silion Strips,,1,15.77266458,,0,backlit,Escalator,Non-apps,Non-apps,
26,North,C,Gaur Noida,259GFSOH7B,36'',63'',Backlit Fabric with Silion Strips,,1,15.77266458,,0,backlit,Escalator,Non-apps,Non-apps,
27,North,C,Gaur Noida,259GFSOH8,36'',63'',Backlit Fabric with Silion Strips,,1,15.77266458,,0,backlit,Escalator,Non-apps,Non-apps,
28,North,C,Gaur Noida,259GFSOH9,51'',90'',Backlit Fabric with Silion Strips,,1,31.77753333,,0,backlit,Pillar,Beauty,Beauty,
29,North,C,Gaur Noida,259GFSOH10,64'',115'',Backlit Fabric with Silion Strips,,1,51.05525625,,0,backlit,Pillar,Fragrance,Beauty,
30,North,C,Gaur Noida,8520GFSV1,31'',106'',Backlit Fabric with Silion Strips,,1,23.02071528,,0,backlit,Pillar,Watches,Non-apps,
31,North,C,Gaur Noida,259GFSOH12,31'',106'',Backlit Fabric with Silion Strips,,1,23.02071528,,0,backlit,Pillar,Watches,Non-apps,
32,North,C,Gaur Noida,259GFSOH13,31'',106'',Backlit Fabric with Silion Strips,,1,23.02071528,,0,backlit,Pillar,Watches,Non-apps,
33,North,C,Gaur Noida,259GFSOH14,31'',106'',Backlit Fabric with Silion Strips,,1,23.02071528,,0,backlit,Pillar,Watches,Non-apps,
35,North,C,Gaur Noida,259GFSV1,20'',65'',VOSB,"6""",12,9.027777778,,0,Frontlit,Sensomatic,Fragrance,Beauty,
36,North,C,Gaur Noida,259GFSV2,16'',55'',Translit Film,,26,6.111111111,,0,Frontlit,Sensomatic,Beauty,Beauty,
37,North,C,Gaur Noida,259GFSV3,16'',55'',Translit Film,,,6.111111111,,0,Frontlit,Sensomatic,Beauty,Beauty,
38,North,C,Gaur Noida,259SFCC1,212'',71'',Backlit Fabric with Silion Strips,,1,104.1400972,,2,backlit,Cash Counter,Ladies,Ladies,
39,North,C,Gaur Noida,259SFSOH1A,36'',63'',Backlit Fabric with Silion Strips,,1,15.95315,,2,backlit,Escalator,Ladies,Ladies,
40,North,C,Gaur Noida,259SFSOH1B,36'',63'',Backlit Fabric with Silion Strips,,1,15.95315,,2,backlit,Escalator,Ladies,Ladies,
41,North,C,Gaur Noida,259SFSOH2A,36'',63'',Backlit Fabric with Silion Strips,,1,15.95315,,2,backlit,Escalator,Ladies,Ladies,
42,North,C,Gaur Noida,259SFSOH2B,36'',63'',Backlit Fabric with Silion Strips,,1,15.95315,,2,backlit,Escalator,Ladies,Ladies,
43,North,C,Gaur Noida,259SFSOH3A,36'',63'',Backlit Fabric with Silion Strips,,1,15.95315,,2,backlit,Escalator,Ladies,Ladies,
44,North,C,Gaur Noida,259SFSOH3B,36'',63'',Backlit Fabric with Silion Strips,,1,15.95315,,2,backlit,Escalator,Ladies,Ladies,
45,North,C,Gaur Noida,259SFSOH4,47'',118'',Backlit Fabric with Silion Strips,,1,38.86935903,,2,backlit,Pillar,Indian Wear,Ladies,
46,North,C,Gaur Noida,259SFSOH5,55'',118'',Backlit Fabric with Silion Strips,,1,44.50253889,,2,backlit,Pillar,Kids,kids,
47,North,C,Gaur Noida,259SFSOH6,31'',106'',Backlit Fabric with Silion Strips,,1,22.95784722,,2,backlit,Pillar,Kids,kids,
48,North,C,Gaur Noida,259SFSO7,53'',118'',Backlit Fabric with Silion Strips,,1,43.21308333,,2,backlit,Pillar,Kids,kids,
49,North,C,Gaur Noida,259SFSOH8,53'',116'',Backlit Fabric with Silion Strips,,1,42.3181,,2,backlit,Pillar,Ladies Western,Ladies,
50,North,C,Gaur Noida,259SFSOH9,53'',116'',Backlit Fabric with Silion Strips,,1,42.70564583,,2,backlit,Pillar,Indian Wear,Ladies,
51,North,C,Gaur Noida,259GFSOH15,51'',116'',Backlit Fabric with Silion Strips,,1,41.08333333,,0,backlit,Pillar,Beauty,Beauty,
52,North,C,Gaur Noida,259GFBL1,163'',95'',Backlit Fabric with Silion Strips,,1,106.96875,,0,backlit,Façade,Fragrance,Beauty,
53,North,C,Gaur Noida,259GFBL2,,,Actual,,,,,0,backlit,Window,Generic,Generic,
54,North,C,Gaur Noida,259FFSOH1,,,Actual,,,,,1,backlit,Pillar,Mens Denim,Mens ,
55,North,C,Gaur Noida,259SFSV1,15'',55'',ESML,,14,5.677083333,,2,Frontlit,Sensomatic,Ladies,Ladies,
,,,,,,,,,,,,,,,,,
1,North,C,Ghazibad,255GFNS1,,,Need Recce,,,,,,,,,,
2,North,C,Ghazibad,255FFSOH1,32'',97'',ESMl,,1,21.55555556,,1,Frontlit,Pillar,Mens Denim,Mens ,
3,North,C,Ghazibad,255FFSOH4,32'',97'',ESMl,,1,21.55555556,,1,Frontlit,Pillar,Kids,kids,
4,North,C,Ghazibad,255FFSOH5,32'',97'',ESMl,,1,21.55555556,,1,Frontlit,Pillar,Ladies Western,Ladies,
5,North,C,Ghazibad,255FFSOH17,256'',125'',ESMl,,1,222.2222222,,1,Frontlit,Window,Ladies,Ladies,
6,North,C,Ghazibad,255FFSOH18,352'',124'',ESMl,,1,301.8888889,,1,Frontlit,Window,Ladies,Ladies,
7,North,C,Ghazibad,255FFSV1,,,Need Recce,,,,,1,Frontlit,Sensomatic,Ladies,Ladies,
8,North,C,Ghazibad,255FFSW1,190'',99'',ESMl,,1,130.625,,1,Frontlit,Stairway,Ladies,Ladies,
9,North,C,Ghazibad,255FFSW2,190'',99'',ESMl,,1,130.625,,1,Frontlit,Stairway,Ladies,Ladies,
10,North,C,Ghazibad,255FFSW3,190'',99'',ESMl,,1,130.625,,1,Frontlit,Stairway,Ladies,Ladies,
11,North,C,Ghazibad,255FFSW4,190'',99'',ESMl,,1,130.625,,1,Frontlit,Stairway,Ladies,Ladies,
12,North,C,Ghazibad,255FFVM1,178'',124'',ESMl,,1,153.2777778,,1,Frontlit,Window,Ladies,Ladies,
13,North,C,Ghazibad,255GFCC1,186'',72'',Backlit Fabric with silicon strip,,1,92.35416667,,C,backlit,Cash Counter,Generic,Generic,
14,North,C,Ghazibad,255GFSOH1,48'',101'',ESMl,,1,33.66666667,,0,Frontlit,Pillar,Watches,Non-apps,
15,North,C,Ghazibad,255GFSOH5,,,Need Recce,,,,,0,Frontlit,Pillar,Handbags,Leather,
16,North,C,Ghazibad,255GFSOH6,36'',89'',ESMl,,1,22.25,,0,Frontlit,Pillar,Indian Wear,Ladies,
17,North,C,Ghazibad,255GFSOH8,36'',89'',ESMl,,1,22.25,,0,Frontlit,Pillar,Indian Wear,Ladies,
18,North,C,Ghazibad,255GFSOH15,"48""",106'',ESMl,,1,#VALUE!,,0,1,Pillar,Fragrance,Beauty,
19,North,C,Ghazibad,255GFSOH21,"100""","109""",ESMl,,1,#VALUE!,,0,Frontlit,Window,Fragrance,Beauty,
20,North,C,Ghazibad,255GFSV1,24'',60'',Digital print on 5mm sunboard,"8""",3,10,,0,Frontlit,Sensomatic,Fragrance,Beauty,
21,North,C,Ghazibad,255SFCC1,72'',41'',Backlit Fabric with silicon strip,,1,20.42881944,,2,backlit,Cash Counter,Mens,Mens,
22,North,C,Ghazibad,255SFCC2,72'',05'',Backlit Fabric with silicon strip,,1,2.2421875,,2,backlit,Cash Counter,Mens,Mens,
23,North,C,Ghazibad,255SFSOH4,32'',101'',ESMl,,1,22.44444444,,2,Frontlit,Pillar,Mens Formal,Mens ,
24,North,C,Ghazibad,255SFSOH12,380'',117'',ESMl,,1,308.75,,2,Frontlit,Window,Mens,Mens,
25,North,C,Ghazibad,255SFSOH13,385'',117'',ESMl,,1,312.8125,,2,Frontlit,Window,Mens,Mens,
26,North,C,Ghazibad,255SFSW1,127'',99'',ESMl,,1,87.3125,,2,Frontlit,Stairway,Mens,Mens,
27,North,C,Ghazibad,255SFSW2,127'',99'',ESMl,,1,87.3125,,2,Frontlit,Stairway,Mens,Mens,
28,North,C,Ghazibad,255SFSW3,181'',99'',ESML,,1,124.4375,,2,Frontlit,Stairway,Mens,Mens,
29,North,C,Ghazibad,255SFSW4,127'',99'',ESML,,1,87.3125,,2,Frontlit,Stairway,Mens,Mens,
30,North,C,Ghazibad,255SFSW5,127'',99'',ESML,,1,87.3125,,2,Frontlit,Stairway,Mens,Mens,
31,North,C,Ghazibad,255SFVM1,178'',124'',ESML,,1,153.2777778,,,,,,,
32,North,C,Ghazibad,255GFSOH18A,,,Need Recce,,,,,0,Frontlit,Façade,Generic,Generic,
33,North,C,Ghazibad,255GFSOH18B,,,Need Recce,,,,,0,Frontlit,Window,Fragrance,Beauty,
34,North,C,Ghazibad,255FB1,,,Actual,,,,,0,Frontlit,Façade,Generic,Generic,
35,North,C,Ghazibad,255FB2,,,Actual,,,,,0,Frontlit,Façade,Generic,Generic,
36,North,C,Ghazibad,255FB3,,,Actual,,,,,0,Frontlit,Façade,Generic,Generic,
37,North,C,Ghazibad,255FB4,,,Actual,,,,,0,Frontlit,Façade,Generic,Generic,
38,North,C,Ghazibad,255FB5,,,Actual,,,,,0,Frontlit,Façade,Generic,Generic,
39,North,C,Ghazibad,255FB6,,,Actual,,,,,0,Frontlit,Façade,Generic,Generic,
40,North,C,Ghazibad,255FB7,,,Actual,,,,,0,Frontlit,Façade,Generic,Generic,
41,North,C,Ghazibad,255FB8,,,Actual,,,,,0,Frontlit,Façade,Generic,Generic,
42,North,C,Ghazibad,255SFSOH1,,,Need Recce,,,,,2,Frontlit,Pillar,Mens Formal,Mens ,
43,North,C,Ghazibad,255SFSOH5,,,Actual,,,,,2,Frontlit,Pillar,Mens Formal,Mens ,
44,North,C,Ghazibad,255SFSV1,24'',60'',Digital print on 5mm sunboard,"8""",3,9.791666667,,2,Frontlit,Sensomatic,Mens,Mens,
,,,,,,,,,,,,,,,,,
1,North,B,Gurgaon,10FFFB1,119'',101'',Backlit Fabric with Silion Strips,,1,83.05208333,,1,Backlit ,Façade,Generic,Generic,
2,North,B,Gurgaon,10FFSV1,,,Need Recce,,,,,1,Frontlit,Sensomatic,Ladies,Ladies,
3,North,B,Gurgaon,10FFSV2,,,Need Recce,,,,,1,Frontlit,Sensomatic,Mens,Mens,
4,North,B,Gurgaon,10GFSOH1,"25""","94.5""",Backlit Fabric with Silion Strips,,1,#VALUE!,,0,Backlit ,Pillar,Beauty,Beauty,
6,North,B,Gurgaon,10GFSOH3,47'',"102""",Backlit Fabric with Silion Strips,,1,#VALUE!,,0,Backlit ,Pillar,Watches,Non-apps,
7,North,B,Gurgaon,10GFSOH4,27'',96'',Backlit Fabric with Silion Strips,,1,17.57465278,,0,Backlit ,Pillar,Watches,Non-apps,
8,North,B,Gurgaon,10GFSOH5,26'',61'',ESML,,1,11.01388889,,0,Frontlit,Pillar,Cash Counter,Non-apps,
9,North,B,Gurgaon,10L2AV3,27'',103'',ESML,,1,18.95486111,,1,Frontlit,Pillar,Lingerie,Ladies,
10,North,B,Gurgaon,10L2AV5,30'',77'',ESML,,1,15.77430556,,1,Frontlit,Pillar,Indian Wear,Ladies,
11,North,B,Gurgaon,10l2av12,,,Need Recce,,,,,1,Frontlit,Pillar,Ladies Western,Ladies,
12,North,B,Gurgaon,10L2AV22,218'',60'',Backlit Fabric with Silion Strips,,1,90.34888889,,1,Backlit ,Cash Counter,Ladies,Ladies,
13,North,B,Gurgaon,10l2av30,26'',99'',ESML,,1,17.44270833,,1,Frontlit,Pillar,Indian Wear,Ladies,
14,North,B,Gurgaon,10l2av31,26'',99'',ESML,,1,17.44270833,,1,Frontlit,Pillar,Indian Wear,Ladies,
15,North,B,Gurgaon,10L2BV4A,26'',"96""",ESML,,1,#VALUE!,,,,,,,
16,North,B,Gurgaon,10L2BV4B,26'',95'',ESML,,1,16.82291667,,,,,,,
17,North,B,Gurgaon,10L2BV11,26'',95'',ESML,,1,16.82291667,,1,Frontlit,Pillar,Mens Denim,Mens,
18,North,B,Gurgaon,10L2BV14,25'',95'',ESML,,1,16.49305556,,1,Frontlit,Pillar,Mens Denim,Mens,
19,North,B,Gurgaon,10L2BV115,25'',95'',ESML,,1,16.49305556,,,,,,,
20,North,B,Gurgaon,10L2BV15,25'',95'',ESML,,1,16.49305556,,1,Frontlit,Pillar,Mens Denim,Mens,
21,North,B,Gurgaon,10L2BV16,25'',95'',ESML,,1,16.49305556,,1,Frontlit,Pillar,Mens Denim,Mens,
22,North,B,Gurgaon,10L2BV27,37'',90'',ESML,,1,23.125,,1,Frontlit,Pillar,Mens Formal,Mens,
23,North,B,Gurgaon,10L2BV35,215'',60'',Backlit Fabric with Silion Strips,,1,88.89833333,,1,Backlit ,Cash Counter,Mens,Mens,
24,North,B,Gurgaon,10OAFL3,266'',103'',Flex,,1,189.90625,,1,Frontlit,Atrium,Generic,Generic,
25,North,B,Gurgaon,10OAFL4,261'',103'',Flex,,1,186.6875,,1,Frontlit,Atrium,Generic,Generic,
26,North,B,Gurgaon,10OAFL5,137'',132'',ESML,,1,125.125,,1,Frontlit,Atrium,Generic,Generic,
27,North,B,Gurgaon,10OBFL2,36',11',ESML,,1,2.588541667,,1,Frontlit,Atrium,Generic,Generic,
28,North,B,Gurgaon,10OBFL3,,,Same location,,,,,1,Frontlit,Atrium,Generic,Generic,
29,North,B,Gurgaon,10OBFL5,"130""","132.5""",ESML,,,,,1,Frontlit,Atrium,Generic,Generic,
30,North,B,Gurgaon,10SWBL1,"124""","100""",Backlit Fabric with Silion Strips,,1,#VALUE!,,1,Backlit ,Façade,Generic,Generic,
31,North,B,Gurgaon,10L2AV28,,,Actual,,,,,1,Frontlit,Pillar,Indian Wear,Ladies,
32,North,B,Gurgaon,10L2BV4,26'',96'',ESML,,1,17.24305556,,1,Frontlit,Pillar,Mens Denim,Mens,
33,North,B,Gurgaon,10L2BV22,,,Need Recce,,,,,1,Frontlit,Pillar,Ugs,Mens,
34,North,B,Gurgaon,10L2BV23,,,Need Recce,,,,,1,Frontlit,Pillar,Mens Denim,Mens,
35,North,B,Gurgaon,10GFFB1,99'',107'',ESML,,1,73.5625,,0,Backlit ,Façade,Generic,Generic,
36,North,B,Gurgaon,10GFSV1,18'',66'',Digital print on 5mm sunboard,"6""",6,8.25,,0,Frontlit,Sensomatic,Beauty,Beauty,
37,North,B,Gurgaon,10GFSOH2,26”,96'',Backlit Fabric with Silion Strips,,1,#VALUE!,,0,Backlit ,Pillar,Beauty,Beauty,
38,North,B,Gurgaon,10OAFL1,,,Need Recce,,,,,1,Frontlit,Atrium,Generic,Generic,
39,North,B,Gurgaon,10OAFL2,,,Need Recce,,,,,1,Frontlit,Atrium,Generic,Generic,
40,North,B,Gurgaon,10OBFL1,,,Need Recce,,,,,1,Frontlit,Atrium,Generic,Generic,
41,North,B,Gurgaon,10OBFL4,,,Same location,,,,,1,Frontlit,Atrium,Generic,Generic,
,,,,,,,,,,,,,,,,,
1,North,A,Jaipur WTP,82FFV9,143'',54'',Backlit fabric with silicon strip,,1,53.625,,1,backlit,Cash Counter,Ladies Western,Ladies,
2,North,A,Jaipur WTP,82FFV10,199'',96'',ESML,,1,132.6666667,,1,Frontlit,Pillar,Ladies Western,Ladies,
3,North,A,Jaipur WTP,82FFV11,82'',96'',ESML,,1,54.66666667,,1,Frontlit,Pillar,Ladies Western,Ladies,
4,North,A,Jaipur WTP,82FFV16a,20'',95'',ESML,,1,12.86458333,,,,,,,
5,North,A,Jaipur WTP,82FFV16c,18'',95'',ESML,,1,11.875,,,,,,,
6,North,A,Jaipur WTP,82FFV19,43'',95'',ESML,,1,28.36805556,,1,Frontlit,Pillar,Kids,kids,
7,North,A,Jaipur WTP,82FFV24,43'',95'',ESML,,1,28.36805556,,1,Frontlit,Pillar,Kids,kids,
8,North,A,Jaipur WTP,82FFV27,24'',95'',ESML,,1,15.83333333,,1,Frontlit,Pillar,Kids,kids,
9,North,A,Jaipur WTP,82FFV28,24'',95'',ESML,,1,15.83333333,,1,Frontlit,Pillar,Kids,kids,
10,North,A,Jaipur WTP,82FFV30,43'',95'',ESML,,1,28.36805556,,1,Frontlit,Pillar,Kids,kids,
11,North,A,Jaipur WTP,82GFCC1,234'',63'',Backlit fabric with silicon strip,,1,102.375,,0,backlit,Cash Counter,Non-apps,Non-apps,
12,North,A,Jaipur WTP,82GFV7,42'',96'',ESML,,1,28,,0,Frontlit,Pillar,Beauty,Beauty,
13,North,A,Jaipur WTP,82GFV23,43'',95'',ESML,,1,28.36805556,,2,Frontlit,Pillar,Mens Denim,Mens,
14,North,A,Jaipur WTP,82SFV2,43'',95'',ESML,,1,28.36805556,,,,,,,
15,North,A,Jaipur WTP,82SFV1,24'',95'',ESML,,1,15.83333333,,2,Frontlit,,,,
16,North,A,Jaipur WTP,82SFV4,24'',95'',ESML,,1,15.83333333,,2,Frontlit,Pillar,Mens Denim,Mens,
17,North,A,Jaipur WTP,82SFV6,43'',95'',ESML,,1,28.36805556,,2,Frontlit,Pillar,Mens Denim,Mens,
18,North,A,Jaipur WTP,82SFV5,24'',95'',ESML,,1,15.83333333,,2,Frontlit,Pillar,Mens Denim,Mens,
19,North,A,Jaipur WTP,82SFV7,24'',95'',ESML,,1,15.83333333,,2,Frontlit,Pillar,Mens Denim,Mens,
20,North,A,Jaipur WTP,82SFV18,205'',96'',ESML,,1,136.6666667,,2,Frontlit,Pillar,Mens,Mens,
21,North,A,Jaipur WTP,82SFV22,161'',55'',Backlit fabric with silicon strip,,1,61.49305556,,2,backlit,Cash Counter,Mens,Mens,
22,North,A,Jaipur WTP,82SFV27,22'',76'',ESML,,1,11.34722222,,2,Frontlit,Pillar,Mens Denim,Mens,
23,North,A,Jaipur WTP,82SFW1,138'',96'',ESML,,1,92,,2,Frontlit,Window,Mens Denim,Mens,
24,North,A,Jaipur WTP,82GFV5,30'',112'',ESML,,1,23.33333333,,0,Frontlit,Pillar,Fragrance,Beauty,
25,North,A,Jaipur WTP,82GFSV1,23'',65'',Digital print on 5mm sunboard,"7""",3,10.15625,,0,Frontlit,Sensomatic,Fragrance,Beauty,
26,North,A,Jaipur WTP,82DS01,,,Actual,,,,,0,Digital,Store Entrance,Non-apps,Non-apps,
27,North,A,Jaipur WTP,82DS01,,,Actual,,,,,0,Digital,Store Entrance,Non-apps,Non-apps,
28,North,A,Jaipur WTP,82GFV25,,,Actual,,,,,0,Frontlit,Pillar,Beauty,Beauty,
29,North,A,Jaipur WTP,82GFV1,,,Actual,,,,,0,Frontlit,Pillar,Watches,Non-apps,
30,North,A,Jaipur WTP,82GFV18A,43'',95'',ESML,,1,28.36805556,,0,Frontlit,Pillar,Indian Wear,Ladies,
31,North,A,Jaipur WTP,82GFV18B,24'',95'',ESML,,1,15.83333333,,0,Frontlit,Pillar,Indian Wear,Ladies,
32,North,A,Jaipur WTP,82GFV23A,,,Actual,,,,,0,Frontlit,Pillar,Indian Wear,Ladies,
33,North,A,Jaipur WTP,82GFV23B,,,Actual,,,,,0,Frontlit,Pillar,Indian Wear,Ladies,
34,North,A,Jaipur WTP,82FFV16,,,Same location,,,,,1,Frontlit,Pillar,Ladies Western,Ladies,
35,North,A,Jaipur WTP,82FFNS1,,,Actual,,,,,1,Frontlit,Pillar,Ladies Western,Ladies,
36,North,A,Jaipur WTP,82FFNS2,18'',95'',ESML,,1,11.875,,1,Frontlit,Pillar,Ladies Western,Ladies,
37,North,A,Jaipur WTP,82FFW1,,,Need Recce,,,,,1,Frontlit,Window,Ladies,Ladies,
38,North,A,Jaipur WTP,82SFV14,20'',95'',ESML,,1,13.19444444,,2,Frontlit,Pillar,Mens,Mens,
39,North,A,Jaipur WTP,82FFSV1,,,Need Recce,,,,,1,Frontlit,Sensomatic,Ladies,Ladies,
40,North,A,Jaipur WTP,82SFSV1,,,Need Recce,,,,,2,Frontlit,Sensomatic,Mens,Mens,
,,,,,,,,,,,,,,,,,
1,North,C,Jalandhar,71FFSOH2A,44'',97'',ESML,,1,29.63888889,,,,,,,
2,North,C,Jalandhar,71FFSOH4,36'',97'',ESML,,1,24.25,,1,Frontlit,Pillar,Mens Denim,Mens,
3,North,C,Jalandhar,71ffsoh5,24'',91'',ESML,,1,15.16666667,,1,Frontlit,Pillar,Mens,Mens,
4,North,C,Jalandhar,71FFSOH6,32'',97'',ESML,,1,21.55555556,,1,Frontlit,Pillar,Mens Formal,Mens,
5,North,C,Jalandhar,71FFSOH8,30'',97'',ESML,,1,20.20833333,,,,,,,
6,North,C,Jalandhar,71FFSOH10,26'',97'',ESML,,1,17.51388889,,,,,,,
7,North,C,Jalandhar,71FFSOH11,24'',97'',ESML,,1,16.16666667,,1,Frontlit,Pillar,Mens Footwear,Leather,
8,North,C,Jalandhar,71ffsoh13,31'',89'',ESML,,1,19.15972222,,1,Frontlit,Pillar,Mens Denim,Mens,
9,North,C,Jalandhar,71FFSOH16,32'',96'',ESML,,1,21.33333333,,1,Frontlit,Pillar,Mens Denim,Mens,
32,North,C,Jalandhar,71SFW3,19',97',Star flex,,1,12.79861111,,2,Frontlit,Window,Ladies,Ladies,
10,North,C,Jalandhar,71FFSOH18,49'',97'',ESML,,1,32.67013889,,,,,,,
11,North,C,Jalandhar,71ffsoh20,179'',82'',Backlit Fabric with silicon strip,,1,101.9305556,,,,,,,
12,North,C,Jalandhar,71FFW1,177'',108'',ESML,,1,132.75,,1,Frontlit,Window,Mens,Mens,
13,North,C,Jalandhar,71FFW2,172'',109'',ESML,,1,130.1944444,,1,Frontlit,Window,Mens,Mens,
14,North,C,Jalandhar,71FFW3,240'',99'',Flex,,1,165,,1,Frontlit,Window,Mens,Mens,
15,North,C,Jalandhar,71GFSOH2,36'',97'',ESML,,1,24.25,,0,Frontlit,Pillar,Indian Wear,Ladies,
16,North,C,Jalandhar,71GFSOH3,49'',91'',ESML,,1,30.64930556,,0,Frontlit,Stairway,Generic,Generic,
17,North,C,Jalandhar,71GFSOH4,37'',97'',ESML,,1,24.58680556,,0,Frontlit,Pillar,Indian Wear,Ladies,
18,North,C,Jalandhar,71GFSOH5,37'',97'',ESML,,1,24.92361111,,0,Frontlit,Pillar,Indian Wear,Ladies,
19,North,C,Jalandhar,71gfsoh8,24'',92'',ESML,,1,15.33333333,,0,Frontlit,Pillar,Indian Wear,Ladies,
20,North,C,Jalandhar,71gfsoh9,31'',97'',ESML,,1,20.88194444,,,,,,,
21,North,C,Jalandhar,71GFSOH15,25'',96'',ESML,,1,16.66666667,,0,Frontlit,Pillar,Handbags,Leather,
22,North,C,Jalandhar,71GFSOH16,33'',96'',ESML,,1,22,,0,Frontlit,Pillar,Handbags,Leather,
23,North,C,Jalandhar,71GFSOH18,31'',96'',ESML,,1,20.66666667,,,,,,,
24,North,C,Jalandhar,71GFSOH22,52'',"98""",ESML,,1,#VALUE!,,,,,,,
25,North,C,Jalandhar,71gfsoh23,24'',99'',ESML,,1,16.5,,0,Frontlit,Pillar,Fragrance,Beauty,
26,North,C,Jalandhar,71GFSOH25,49'',92'',ESML,,1,30.98611111,,0,Frontlit,Pillar,Indian Wear,Ladies,
27,North,C,Jalandhar,71GFSOH26,25'',92'',ESML,,1,15.97222222,,0,Frontlit,Pillar,Sunglass,Non-apps,
28,North,C,Jalandhar,71SFSOH10,25'',97'',ESML,,1,16.84027778,,2,Frontlit,Pillar,Home,Home,
29,North,C,Jalandhar,71SFSOH11,24'',97'',ESML,,1,16.16666667,,2,Frontlit,Pillar,Ladies Western,Ladies,
30,North,C,Jalandhar,71SFW1,104'',108'',ESML,,1,78,,2,Frontlit,Window,Ladies,Ladies,
31,North,C,Jalandhar,71SFW2,105'',109'',ESML,,1,79.47916667,,2,Frontlit,Window,Ladies,Ladies,
32,North,C,Jalandhar,71GFSOH1,,,Need Recce,,,,,0,Frontlit,Pillar,Indian Wear,Ladies,
33,North,C,Jalandhar,71GFSOH9A,,,Need Recce,,,,,0,Frontlit,Cash Counter,Ladies Footwear,Leather,
34,North,C,Jalandhar,71GFSOH9B,,,Actual,,,,,0,Frontlit,Cash Counter,Ladies Footwear,Leather,
35,North,C,Jalandhar,71GFSOH9C,,,Actual,,,,,0,Frontlit,Cash Counter,Ladies Footwear,Leather,
36,North,C,Jalandhar,71GFSOH16B,,,Actual,,,,,0,Frontlit,Pillar,Handbags,Leather,
37,North,C,Jalandhar,71GFSOH18A,,,Actual,,,,,0,Frontlit,Pillar,Handbags,Leather,
38,North,C,Jalandhar,71GFSOH18B,,,Actual,,,,,0,Frontlit,Pillar,Handbags,Leather,
39,North,C,Jalandhar,71GFSOH20,31'',99'',ESML,,1,21.3125,,0,Frontlit,Pillar,Fragrance,Beauty,
40,North,C,Jalandhar,71GFSOH21A,27'',100'',ESML,,1,18.75,,0,Frontlit,Pillar,Fragrance,Beauty,
41,North,C,Jalandhar,71GFSOH21B,27'',99'',ESML,,1,18.5625,,0,Frontlit,Pillar,Fragrance,Beauty,
42,North,C,Jalandhar,71FFSOH2,,,Need Recce,,,,,1,Frontlit,Pillar,Mens Denim,Mens,
43,North,C,Jalandhar,71FFSOH8A,,,Actual,,,,,1,Frontlit,Pillar,Mens Footwear,Leather,
44,North,C,Jalandhar,71FFSOH8B,,,Actual,,,,,1,Frontlit,Pillar,Mens Footwear,Leather,
45,North,C,Jalandhar,71FFSOH14,,,Need Recce,,,,,1,Frontlit,Pillar,Mens Formal,Mens,
46,North,C,Jalandhar,71FFSOH17,,,Need Recce,,,,,1,Frontlit,Pillar,Mens Denim,Mens,
47,North,C,Jalandhar,71FFCC1,,,Actual,,,,,1,Frontlit,Cash Counter,Mens,Mens,
48,North,C,Jalandhar,71SFSOH3,27'',97'',ESML,,1,18.1875,,2,Frontlit,Pillar,Kids,kids,
49,North,C,Jalandhar,71SFSOH4A,,,Actual,,,,,2,Frontlit,Pillar,Kids,Kids,
50,North,C,Jalandhar,71SFSOH4B,,,Actual,,,,,2,Frontlit,Pillar,Kids,Kids,
51,North,C,Jalandhar,71SFSOH8,30'',97'',ESML,,1,20.20833333,,2,Frontlit,Pillar,Home,Home,
52,North,C,Jalandhar,71SFSOH9,24'',97'',ESML,,1,16.16666667,,2,Frontlit,Pillar,Ladies Western,Ladies,
53,North,C,Jalandhar,71SFSOH13B,,,Actual,,,,,2,Frontlit,Pillar,Ladies Western,Ladies,
54,North,C,Jalandhar,71SFSOH13A,,,Actual,,,,,2,Frontlit,Pillar,Ladies Western,Ladies,
55,North,C,Jalandhar,71SFSOH15,33'',96'',ESML,,1,22,,2,Frontlit,Pillar,Ladies Western,Ladies,
56,North,C,Jalandhar,71SFSOH16,,,Actual,,,,,2,Frontlit,Pillar,Ladies Western,Ladies,
57,North,C,Jalandhar,71SFSOH17,,,Actual,,,,,2,Frontlit,Pillar,Ladies Western,Ladies,
58,North,C,Jalandhar,71SFSOH19,,,Actual,,,,,2,Frontlit,Pillar,Ladies Western,Ladies,
59,North,C,Jalandhar,71FFSV1,,,Need Recce,,,,,1,Frontlit,Sensomatic,Mens,Mens,
60,North,C,Jalandhar,71SFSV1,,,Need Recce,,,,,2,Frontlit,Sensomatic,Ladies,Ladies,
61,North,C,Jalandhar,71GFSOH13,,,Actual,,,,,0,Frontlit,Cash Counter,Non-apps,Non-apps,
62,North,C,Jalandhar,71FFSOH18A,,,Actual,,,,,1,Frontlit,Stairway,Generic,Generic,
63,North,C,Jalandhar,71FFSOH18B,,,Actual,,,,,1,Frontlit,Stairway,Generic,Generic,
64,North,C,Jalandhar,71GFSOH14,,,Actual,,,,,0,Frontlit,Cash Counter,Non-apps,Non-apps,
65,North,C,Jalandhar,71GFSOH22,,,Same loction,,,,,0,Frontlit,Pillar,Fragrance,Beauty,
66,North,C,Jalandhar,71GFSV1,24'',60'', Digital print on 5mm sunboard,"8""",2,10,,0,Frontlit,Sensomatic,Beauty,Beauty,
67,North,C,Jalandhar,71GFW1,,,Need Recce,,,,,0,Frontlit,Window,Non-apps,Non-apps,
,,,,,,,,,,,,,,,,,
1,North,D,Jammu,8520FFCC1,133'',58'',Backlit Fabric with silicon strip,,1,53.36877917,,1,Backlit ,Cash Counter,Mens,Mens,
2,North,D,Jammu,8520FFV3,24'',102'',Backlit Fabric with silicon strip,,1,16.84675,,1,Backlit ,Pillar,Kids,Kids,
3,North,D,Jammu,8520FFV4,,,Need Recce,,,,,1,Backlit ,Pillar,Mens Denim,Mens,
4,North,D,Jammu,8520FFV5,33'',100'',Backlit Fabric with silicon strip,,1,23.32673194,,1,Backlit ,Pillar,Mens Formal,Mens,
5,North,D,Jammu,8520FFV6,23'',103'',Backlit Fabric with silicon strip,,1,16.68837639,,1,Backlit ,Pillar,Mens Formal,Mens,
6,North,D,Jammu,8520FFV7,33'',100'',Backlit Fabric with silicon strip,,1,23.32673194,,1,Backlit ,Pillar,Mens Denim,Mens,
7,North,D,Jammu,8520FFV8,47'',102'',Backlit Fabric with silicon strip,,1,33.57976667,,1,Backlit ,Pillar,Mens Denim,Mens,
8,North,D,Jammu,8520GFV1,78'',125'',Backlit Fabric with silicon strip,,1,67.38333333,,0,Backlit ,Façade,Fragrance,Beauty,
9,North,D,Jammu,8520GFV2,36'',102'',Backlit Fabric with silicon strip,,1,25.74638333,,0,Backlit ,Pillar,Ladies Western,Ladies ,
10,North,D,Jammu,8520GFV3,36'',103'',Backlit Fabric with silicon strip,,1,25.92948264,,0,Backlit ,Pillar,Watches,Non-apps,
11,North,D,Jammu,8520GFV4,37'',102'',Backlit Fabric with silicon strip,,1,26.02360833,,0,Backlit ,Pillar,Watches,Non-apps,
12,North,D,Jammu,8520GFV5,36'',102'',Backlit Fabric with silicon strip,,1,25.74638333,,0,Backlit ,Pillar,Watches,Non-apps,
13,North,D,Jammu,8520GFV6,37'',102'',Backlit Fabric with silicon strip,,1,26.02360833,,0,Backlit ,Pillar,Sunglass,Non-apps,
14,North,D,Jammu,8520GFV9,24'',102'',Backlit Fabric with silicon strip,,1,16.78988333,,0,Backlit ,Pillar,Lingerie ,Ladies ,
15,North,D,Jammu,8520GFV10,24'',102'',Backlit Fabric with silicon strip,,1,16.78988333,,0,Backlit ,Pillar,Lingerie ,Ladies ,
16,North,D,Jammu,8520GFV12,24'',102'',Backlit Fabric with silicon strip,,1,16.78988333,,0,Backlit ,Pillar,Lingerie ,Ladies ,
17,North,D,Jammu,8520GFV14,,,Need Recce,,,,,0,Backlit ,Pillar,Ladies ,Ladies ,
18,North,D,Jammu,8520GFV15,33'',100'',Backlit Fabric with silicon strip,,1,23.18730139,,0,Backlit ,Pillar,Indian Wear,Ladies ,
19,North,D,Jammu,8520GFV16,24'',102'',Backlit Fabric with silicon strip,,1,16.78988333,,0,Backlit ,Pillar,Ladies Western,Ladies ,
20,North,D,Jammu,8520GFV17,24'',102'',Backlit Fabric with silicon strip,,1,16.78988333,,0,Backlit ,Pillar,Ladies Western,Ladies ,
21,North,D,Jammu,8520GFV18,24'',102'',Backlit Fabric with silicon strip,,1,16.78988333,,0,Backlit ,Pillar,Ladies Western,Ladies ,
22,North,D,Jammu,8520GFV20,37'',102'',Backlit Fabric with silicon strip,,1,26.02360833,,0,Backlit ,Pillar,Beauty,Beauty,
23,North,D,Jammu,8520GFV21,36'',102'',Backlit Fabric with silicon strip,,1,25.74638333,,0,Backlit ,Pillar,Beauty,Beauty,
24,North,D,Jammu,8520GFV22,36'',102'',Backlit Fabric with silicon strip,,1,25.74638333,,0,Backlit ,Pillar,Beauty,Beauty,
25,North,D,Jammu,8520GFV19,39'',103'',Backlit Fabric with silicon strip,,1,27.89583333,,0,Backlit ,Pillar,Beauty,Beauty,
26,North,D,Jammu,8520DS01,133'',58'',Backlit Fabric with silicon strip,,1,53.36877917,,0,Digital ,Cash Counter,Generic,Generic,
27,North,D,Jammu,8520GFSV1,15'',56'',Translit film,,1,5.833333333,,0,Frontlit,Sensomatic,Fragrance,Beauty,
28,North,D,Jammu,8520GFV11,24'',102'',Backlit Fabric with silicon strip,,1,16.78988333,,0,Backlit ,Pillar,Lingerie ,Ladies ,
29,North,D,Jammu,8520GFV13,24'',102'',Backlit Fabric with silicon strip,,1,16.78988333,,0,Backlit ,Pillar,Lingerie ,Ladies ,
,,,,,,,,,,,,,,,,,
1,North,C,Janakpuri,267ffsoh2,,,Need Recce,,,,,1,Frontlit,Pillar,Indian Wear,Ladies,
2,North,C,Janakpuri,267ffsoh3,35'',114'',ESML,,1,27.70833333,,1,Frontlit,Pillar,Indian Wear,Ladies,
3,North,C,Janakpuri,267ffsoh6,33'',113'',Need matrial,,1,25.390625,,1,Frontlit,Pillar,Lingerie,Ladies,
4,North,C,Janakpuri,267FFSOH9,43'',84'',Need matrial,,1,25.08333333,,1,Frontlit,Pillar,Ladies,Ladies,
5,North,C,Janakpuri,267GFSW1,122'',118'',ESML,,1,99.97222222,,0,Frontlit,Stairway,Non-apps,Non-apps,
6,North,C,Janakpuri,267gfsoh1,64'',78'',ESML,,1,34.66666667,,0,Frontlit,Pillar,Watches,Non-apps,
7,North,C,Janakpuri,267GFSOH2,33'',112'',ESML,,1,25.27777778,,0,Frontlit,Pillar,Watches,Non-apps,
8,North,C,Janakpuri,267GFSOH4,64'',118'',ESML,,1,52.44444444,,0,Frontlit,Pillar,Fragrance,Beauty,
9,North,C,Janakpuri,267sfsoh1,117'',120'',ESML,,1,97.5,,2,Frontlit,Pillar,Mens Denim,Mens,
10,North,C,Janakpuri,267sfsoh4,34'',106'',ESML,,1,24.65972222,,2,Frontlit,Pillar,Mens Formal,Mens,
11,North,C,Janakpuri,267sfsoh5,34'',107'',ESML,,1,24.87333333,,2,Frontlit,Pillar,Mens Formal,Mens,
12,North,C,Janakpuri,267SFSOH6A,23'',105'',ESML,,1,16.69097222,,2,Frontlit,Pillar,Mens Denim,Mens,
13,North,C,Janakpuri,267SFSW1,317'',122'',ESML,,1,268.5694444,,2,Frontlit,Stairway,Mens,Mens,
14,North,C,Janakpuri,267SFSW2,162'',123'',ESML,,1,138.375,,2,Frontlit,Stairway,Mens,Mens,
15,North,C,Janakpuri,267BL1,,,Need Recce,,,,,1,backlit,Façade,Generic,Generic,
16,North,C,Janakpuri,267GFSOH7,75'',115'',ESML,,1,59.89583333,,0,Frontlit,Pillar,Beauty,Beauty,
17,North,C,Janakpuri,267GFSV1,61'',22'',Digital print on 5mm sunboard,6,2,9.319444444,,0,Frontlit,Sensomatic,Fragrance,Beauty,
18,North,C,Janakpuri,267GFW1,372'',119'',ESML,,1,307.4166667,,0,Frontlit,Window,Non-apps,Non-apps,
19,North,C,Janakpuri,267GFSOH3,33'',112'',ESML,,1,25.27777778,,0,Frontlit,Pillar,Watches,Non-apps,
20,North,C,Janakpuri,267FFSOH7,,,Need Recce,,,,,1,Frontlit,Pillar,Women Athleisure,Ladies,
21,North,C,Janakpuri,267FFCC1,,,Need Recce,,,,,1,Frontlit,Pillar,Women Athleisure,Ladies,
22,North,C,Janakpuri,267FFSW1,,,Need Recce,,,,,1,backlit,Cash Counter,Ladies,Ladies,
23,North,C,Janakpuri,267SFSOH6,,,Need Recce,,,,,1,Frontlit,Stairway,Ladies,Ladies,
24,North,C,Janakpuri,267SFSOH6B,,,Need Recce,,,,,2,Frontlit,Pillar,Mens Denim,Mens,
25,North,C,Janakpuri,267SFSOHW1,,,Need Recce,,,,,2,Frontlit,Window,Mens,Mens,
26,North,C,Janakpuri,267SFSOHW2,,,Need Recce,,,,,2,Frontlit,Window,Mens,Mens,
27,North,C,Janakpuri,267SFSOHW3,,,Need Recce,,,,,2,Frontlit,Window,Mens,Mens,
28,North,C,Janakpuri,267SFSV1,,,Actual,,,,,2,Frontlit,Sensomatic,Mens,Mens,
,,,,,,,,,,,,,,,,,
1,North,D,Jodhpur,228FB1,126'',102'',Backlit fabric with silicon strip,,1,89.25,,,,,,,
2,North,D,Jodhpur,228GFSOH1,35'',104'',Backlit fabric with silicon strip,,1,25.27777778,,0,Backlit ,Pillar,Lingerie ,Ladies ,
3,North,D,Jodhpur,228GFSOH2,35'',104'',Backlit fabric with silicon strip,,1,25.27777778,,0,Backlit ,Pillar,Indian Wear,Ladies ,
4,North,D,Jodhpur,228GFSOH3,35'',104'',Backlit fabric with silicon strip,,1,25.27777778,,0,Backlit ,Pillar,Leather ,Leather,
5,North,D,Jodhpur,228GFSOH4,24'',104'',Backlit fabric with silicon strip,,1,17.33333333,,0,Backlit ,Pillar,Handbags,Leather,
6,North,D,Jodhpur,228GFSOH5,45'',119'',Backlit fabric with silicon strip,,1,37.1875,,0,Backlit ,Pillar,Watches,Non-apps,
7,North,D,Jodhpur,228GFSOH6,41'',115'',ESML,,1,32.74305556,,0,Frontlit,Pillar,Indian Wear,Ladies ,
8,North,D,Jodhpur,228GFW1,72'',91'',Backlit fabric with silicon strip,,1,45.5,,0,Backlit ,Façade,Generic,Generic,
9,North,D,Jodhpur,228GFW2,72'',91'',Backlit fabric with silicon strip,,1,45.5,,0,Backlit ,Façade,Generic,Generic,
10,North,D,Jodhpur,228GFW3,48'',91'',Backlit fabric with silicon strip,,1,30.33333333,,0,Backlit ,Façade,Generic,Generic,
11,North,D,Jodhpur,228GFW4,72'',91'',Backlit fabric with silicon strip,,1,45.5,,0,Backlit ,Façade,Generic,Generic,
12,North,D,Jodhpur,228LGCC1,180'',61'',Backlit fabric with silicon strip,,1,76.25,,-1,Backlit ,Cash Counter,Generic,Generic,
13,North,D,Jodhpur,228LGFSOH1,35'',104'',Backlit fabric with silicon strip,,1,25.27777778,,-1,Backlit ,Pillar,Kids,Kids,
14,North,D,Jodhpur,228LGFSOH2,27'',116'',Backlit fabric with silicon strip,,1,21.75,,-1,Backlit ,Pillar,Mens Denim,Mens,
15,North,D,Jodhpur,228LGFSOH3,27'',116'',Backlit fabric with silicon strip,,1,21.75,,-1,Backlit ,Pillar,Mens Denim,Mens,
16,North,D,Jodhpur,228LGFSOH4,,,Actual,,,,,-1,Backlit ,Pillar,Mens Denim,Mens,
17,North,D,Jodhpur,228LGFSOH5,,,Actual,,,,,-1,Frontlit,Pillar,Mens Denim,Mens,
18,North,D,Jodhpur,228LGFB1,,,Same location,,,,,-1,Backlit ,Façade,Generic,Generic,
19,North,D,Jodhpur,228LGSV1,,,Actual,,,,,-1,Frontlit,Sensomatic,Generic,Generic,
20,North,D,Jodhpur,228GFSV1,21'',61'',Digital print on 5mm sunboard,"6""",9,8.895833333,,0,Frontlit,Sensomatic,Beauty,Beauty,
21,North,D,Jodhpur,228GFSOH7,41'',115'',ESML,,1,32.74305556,,0,Frontlit,Pillar,Indian Wear,Ladies ,
,,,,,,,,,,,,,,,,,
1,North,C,Mall of Jaipur,358FFCC1,63'',114'',Backlit Fabric with silicon strip ,,1,49.875,,1,backlit,Cash Counter,Ladies,Ladies,
2,North,C,Mall of Jaipur,358FFV2,22'',103'',Backlit Fabric with silicon strip ,,1,15.30381944,,1,backlit,Pillar,Ladies Western,Ladies,
3,North,C,Mall of Jaipur,358FFV3,22'',103'',Backlit Fabric with silicon strip ,,1,15.30381944,,1,backlit,Pillar,Kids,kids ,
4,North,C,Mall of Jaipur,358GFCC1,124'',75'',Backlit Fabric with silicon strip ,,1,64.15277778,,0,backlit,Cash Counter,Non-apps,Non-apps,
5,North,C,Mall of Jaipur,358GFV2,46'',128'',Backlit Fabric with silicon strip ,,1,40.28645833,,0,backlit,Pillar,Watches,Non-apps,
6,North,C,Mall of Jaipur,358GFV3,41'',120'',Backlit Fabric with silicon strip ,,1,34.16666667,,0,backlit,Pillar,Sunglass,Non-apps,
7,North,C,Mall of Jaipur,358SFCC1,124'',63'',Backlit Fabric with silicon strip ,,1,54.25,,2,backlit,Cash Counter,Mens,Mens,
8,North,C,Mall of Jaipur,358SFV2,22'',102'',Backlit Fabric with silicon strip ,,1,15.22916667,,2,backlit,Pillar,Mens Denim,Mens ,
9,North,C,Mall of Jaipur,358SFV3,179'',92'',Backlit Fabric with silicon strip ,,1,114.3611111,,0,backlit,Façade,Mens,Mens,
10,North,C,Mall of Jaipur,358FB1,118'',176'',Backlit Fabric with silicon strip ,,1,144.2222222,,0,backlit,Façade,Mens,Mens,
11,North,C,Mall of Jaipur,358FB2,,,Need Recce,,,,,0,backlit,Façade,Mens,Mens,
12,North,C,Mall of Jaipur,358GFSV1,16'',48'',Translit Film,,20,5.333333333,,0,backlit,Sensomatic,Beauty,Beauty,
13,North,C,Mall of Jaipur,358DS1,,,Actual,,,,,1,Digital,Store Entrance,Generic,Generic,
14,North,C,Mall of Jaipur,358FFV6,179'',92'',Backlit Fabric with silicon strip ,,1,114.3611111,,1,backlit,Façade,Ladies,Ladies,
15,North,C,Mall of Jaipur,358SFV1,,,Need Recce,,,,,2,backlit,Pillar,Mens Footwear,Leather,
,,,,,,,,,,,,,,,,,
1,North,A,Vasant Kunj,47ffv1,33'',105'',Backlit fabric with silicon strip,,1,24.00520833,,1,Backlit,Pillar,Kids,Kids,
2,North,A,Vasant Kunj,47ffv2,33'',105'',Backlit fabric with silicon strip,,1,24.0625,,1,Backlit,Pillar,Kids,Kids,
3,North,A,Vasant Kunj,47FFV3,33'',104'',Backlit fabric with silicon strip,,1,24.01388889,,1,Backlit,Pillar,Kids,Kids,
4,North,A,Vasant Kunj,47FFV4,33'',105'',Backlit fabric with silicon strip,,1,24.30251736,,1,Backlit,Pillar,Kids,Kids,
5,North,A,Vasant Kunj,47FFV5,33'',105'',Backlit fabric with silicon strip,,1,24.30251736,,1,Backlit,Pillar,Kids,Kids,
6,North,A,Vasant Kunj,47FFV6,36'',101'',Backlit fabric with silicon strip,,1,24.89930556,,1,Backlit,Pillar,Kids,Kids,
7,North,A,Vasant Kunj,47FFV7,34'',105'',Backlit fabric with silicon strip,,1,24.36892361,,1,Backlit,Pillar,Kids,Kids,
8,North,A,Vasant Kunj,47FFV8,33'',105'',Backlit fabric with silicon strip,,1,24.0625,,1,Backlit,Pillar,Indian Wear,Ladies,
9,North,A,Vasant Kunj,47FFV10,38'',105'',Backlit fabric with silicon strip,,1,27.34375,,1,Backlit,Pillar,Indian Wear,Ladies,
10,North,A,Vasant Kunj,47GFSV1,13'',56'',ESML,,8,5.157804167,,0,Frontlit,Sensomatic,Fragrance,Beauty,
11,North,A,Vasant Kunj,47GFV8,36'',134'',Backlit fabric with silicon strip,,1,34.0165125,,0,Backlit,Pillar,Watches,Non-apps,
12,North,A,Vasant Kunj,47GFV9,36'',134'',Backlit fabric with silicon strip,,1,34.0165125,,0,Backlit,Pillar,Watches,Non-apps,
13,North,A,Vasant Kunj,47GFV10,"37""","136""",Backlit fabric with silicon strip,,1,#VALUE!,,0,Backlit,Pillar,Watches,Non-apps,
14,North,A,Vasant Kunj,47GFV11,36'',134'',Backlit fabric with silicon strip,,1,34.0165125,,0,Backlit,Pillar,Watches,Non-apps,
15,North,A,Vasant Kunj,47GFV15,40'',138'',Backlit fabric with silicon strip,,1,38.68791667,,0,Backlit,Pillar,Handbags,Leather,
16,North,A,Vasant Kunj,47GFV14,38'',139'',Backlit fabric with silicon strip,,1,36.95733333,,0,Backlit,Pillar,Handbags,Leather,
17,North,A,Vasant Kunj,47GFV16,33'',135'',Backlit fabric with silicon strip,,1,30.70362847,,0,Backlit,Pillar,Handbags,Leather,
18,North,A,Vasant Kunj,47GFV17,34'',135'',Backlit fabric with silicon strip,,1,32.17822917,,0,Backlit,Pillar,Ladies Footwear,Leather,
19,North,A,Vasant Kunj,47SFSV1,24'',66'',Digital 5 mm VOSB,"8""",4,11,,2,Frontlit,Sensomatic,Mens,Mens,
20,North,A,Vasant Kunj,47sfv2,33'',103'',Backlit fabric with silicon strip,,1,23.66753472,,2,Backlit,Pillar,Luggage,Luggage,
21,North,A,Vasant Kunj,47SFV4,35'',105'',Backlit fabric with silicon strip,,1,25.03645833,,2,Backlit,Pillar,leather,Leather,
22,North,A,Vasant Kunj,47SFV5,34'',102'',Backlit fabric with silicon strip,,1,24.2675,,2,Backlit,Pillar,Mens Formal,Mens,
23,North,A,Vasant Kunj,47SFV6,33'',103'',Backlit fabric with silicon strip,,1,23.24652778,,2,Backlit,Pillar,Mens Formal,Mens,
24,North,A,Vasant Kunj,47SFV7,33'',103'',Backlit fabric with silicon strip,,1,23.24652778,,2,Backlit,Pillar,Mens Formal,Mens,
25,North,A,Vasant Kunj,47SFV8,,,Need Recce,,,,,2,Backlit,Pillar,Mens Formal,Mens,
26,North,A,Vasant Kunj,47SFV9,,,Need Recce,,,,,2,Backlit,Pillar,Mens Denim,Mens,
27,North,A,Vasant Kunj,47SFV10,36'',105'',Backlit fabric with silicon strip,,`1,26.30642361,,2,Backlit,Pillar,Mens Denim,Mens,
28,North,A,Vasant Kunj,47SFV11,32'',102'',Backlit fabric with silicon strip,,1,22.55555556,,2,Backlit,Pillar,Mens Denim,Mens,
29,North,A,Vasant Kunj,47SFV12,34'',102'',Backlit fabric with silicon strip,,1,23.96527778,,2,Backlit,Pillar,Mens Denim,Mens,
30,North,A,Vasant Kunj,47SFV13,35'',101'',Backlit fabric with silicon strip,,`1,24.19791667,,2,Backlit,Pillar,Mens Athleisure,Mens,
31,North,A,Vasant Kunj,47SFV14,32'',101'',Backlit fabric with silicon strip,,1,22.61979167,,2,Backlit,Pillar,Mens Athleisure,Mens,
32,North,A,Vasant Kunj,47sfv15,32'',102'',Backlit fabric with silicon strip,,1,22.49666667,,2,Backlit,Pillar,Mens Denim,Mens,
33,North,A,Vasant Kunj,47SFV16,35'',101'',Backlit fabric with silicon strip,,1,24.078125,,2,Backlit,Pillar,Mens Denim,Mens,
34,North,A,Vasant Kunj,47SFV17,34'',102'',Backlit fabric with silicon strip,,1,24.26041667,,2,Backlit,Pillar,Mens Athleisure,Mens,
35,North,A,Vasant Kunj,47SFV18,32'',102'',Backlit fabric with silicon strip,,1,22.66666667,,2,Backlit,Pillar,UGS,Mens,
36,North,A,Vasant Kunj,47SFV19,35'',102'',Backlit fabric with silicon strip,,1,24.4375,,2,Backlit,Pillar,Mens Denim,Mens,
37,North,A,Vasant Kunj,47SFV19,,,Same location,,,,,2,Backlit,Pillar,Mens Denim,Mens,
38,North,A,Vasant Kunj,47FFV8A,,,Need Recce,,,,,1,Frontlit,Pillar,Indian Wear,Ladies,
39,North,A,Vasant Kunj,47FFV9,40'',105'',Backlit fabric with silicon strip,,1,29.34895833,,1,Backlit,Pillar,Indian Wear,Ladies,
40,North,A,Vasant Kunj,47FFV13,33'',102'',Backlit fabric with silicon strip,,1,23.02083333,,1,Backlit,Pillar,Ladies Western,Ladies,
41,North,A,Vasant Kunj,47FFV14,34'',102'',Backlit fabric with silicon strip,,1,24.26041667,,1,Backlit,Pillar,Ladies Western,Ladies,
42,North,A,Vasant Kunj,47FFV15,32'',103'',Backlit fabric with silicon strip,,1,23.06770833,,1,Backlit,Pillar,Lingerie,Ladies,
43,North,A,Vasant Kunj,47FFV16,33'',102'',Backlit fabric with silicon strip,,1,23.02083333,,1,Backlit,Pillar,Ladies Western,Ladies,
44,North,A,Vasant Kunj,47SFV3,32'',105'',Backlit fabric with silicon strip,,1,23.41090278,,2,Backlit,Pillar,Leather,Leather,
45,North,A,Vasant Kunj,47FFDTH1,,,Need Recce,,,,,1,Digital,Store Entrance,Ladies,Ladies,
46,North,A,Vasant Kunj,47SFDTH1,,,Need Recce,,,,,2,Digital,Store Entrance,Mens,Mens,
47,North,A,Vasant Kunj,47FFSV1,,,Actual,,,,,1,Frontlit,Sensomatic,Ladies,Ladies,
48,North,A,Vasant Kunj,47FFDS1,,,Need Recce,,,,,1,Digital,Cash Counter,Ladies,Ladies,
49,North,A,Vasant Kunj,47SFDS1,,,Actual,,,,,2,Digital,Cash Counter,Ladies,Ladies,
50,North,A,Vasant Kunj,47GFV4,35'',139'',Backlit fabric with silicon strip,,1,33.49472222,,0,Backlit,Pillar,Fragrance,Beauty,
51,North,A,Vasant Kunj,47GFV5,32'',139'',Backlit fabric with silicon strip,,1,31.4024875,,0,Backlit,Pillar,Fragrance,Beauty,
52,North,A,Vasant Kunj,47GFV6,32'',139'',Backlit fabric with silicon strip,,1,30.88888889,,0,Backlit,Pillar,Fragrance,Beauty,
53,North,A,Vasant Kunj,47GFV18,34'',135'',Backlit fabric with silicon strip,,1,31.875,,0,Backlit,Pillar,Ladies Footwear,Leather,
54,North,A,Vasant Kunj,47GFV19,,,Actual,,,,,0,Backlit,Pillar,Mens Footwear,Leather,
55,North,A,Vasant Kunj,47GFSV2,13'',55'',ESML,,12,4.965277778,,0,Frontlit,Sensomatic,Beauty,Beauty,
56,North,A,Vasant Kunj,47GFSV3,13'',56'',ESML,,12,5.157804167,,0,Frontlit,Sensomatic,Beauty,Beauty,
57,North,A,Vasant Kunj,47GFDS1,,,Need Recce,,,,,0,Digital,Cash Counter,Non-apps,Non-apps,
58,North,A,Vasant Kunj,47GFDTH1,,,Need Recce,,,,,0,Digital,Store Entrance,Non-apps,Non-apps,
,,,,,,,,,,,,,,,,,
59,North,,Shipra,20GFDS1,,,,,,,,,,,,,
60,North,,Shipra,20gfsoh1,,,,,,,,,,,,,
61,North,,Shipra,20gfsoh2,"112""","109""",ESML,,,,,,,,,,
62,North,,Shipra,20GFSOH3,"253""","109""",ESML,,,,,,,,,,
63,North,,Shipra,20gfsoh4-4a,"378""","109""",ESML,,,,,,,,,,
64,North,,Shipra,20gfsoh5,"193""","107""",ESML,,,,,,,,,,
65,North,,Shipra,20gfsoh6,"128""","106""",ESML,,,,,,,,,,
66,North,,Shipra,20gfsoh8-7,"205""","107""",ESML,,,,,,,,,,
67,North,,Shipra,20gfsoh9,"30""","96""",ESML,,,,,,,,,,
68,North,,Shipra,20gfsoh9-9a,"48""","96""",ESML,,,,,,,,,,
69,North,,Shipra,20gfsoh10,"33""","96""",ESML,,,,,,,,,,
70,North,,Shipra,20gfsoh10-10b,"27""","96""",ESML,,,,,,,,,,
71,North,,Shipra,20GFSOH10A-10,"27""","96""",ESML,,,,,,,,,,
72,North,,Shipra,20GFSOH15,"23""","96""",ESML,,,,,,,,,,
73,North,,Shipra,20GFSOH16,"23""","96""",ESML,,,,,,,,,,
74,North,,Shipra,20gfsoh17,"27""","96""",ESML,,,,,,,,,,
75,North,,Shipra,20GFSOH18,"43""","96""",ESML,,,,,,,,,,
76,North,,Shipra,20gfsoh19,"23""","96""",ESML,,,,,,,,,,
77,North,,Shipra,20GFSOH20,"23""","96""",ESML,,,,,,,,,,
78,North,,Shipra,20GFSOH27,"43""","108""",ESML,,,,,,,,,,
79,North,,Shipra,20GFSOH28,"29""","107""",ESML,,,,,,,,,,
80,North,,Shipra,20LGCC1,"192""","70""",Backlit fabric with silicon strip,,,,,,,,,,
81,North,,Shipra,20LGSOH1A,"27""","96""",ESML,,,,,,,,,,
82,North,,Shipra,20lgsoh1b,"33""","96""",ESMl,,,,,,,,,,
83,North,,Shipra,20LGSOH5,"23""","96""",ESML,,,,,,,,,,
84,North,,Shipra,20LGSOH5A,"23""","96""",ESML,,,,,,,,,,
85,North,,Shipra,20LGSOH7,"23""","96""",ESML,,,,,,,,,,
86,North,,Shipra,20LGSOH7A,"23""","96""",ESML,,,,,,,,,,
87,North,,Shipra,20LGSOH11,"44""","96""",ESML,,,,,,,,,,
88,North,,Shipra,20LGSOH11A,"23""","96""",ESML,,,,,,,,,,
89,North,,Shipra,20LGSOH13A-B,"23""","96""",ESML,,,,,,,,,,
90,North,,Shipra,20lgsoh13c,"23""","96""",ESML,,,,,,,,,,
91,North,,Shipra,20lgsoh14a,"23""","96""",ESML,,,,,,,,,,
92,North,,Shipra,20lgsoh14c-14b,"23""","96""",ESML,,,,,,,,,,
,North,,Shipra,20lgsoh21-21a,"23""","96""",ESML,,,,,,,,,,
,North,,Shipra,20lgsoh21b,"23""","96""",ESML,,,,,,,,,,
,North,,Shipra,20lgsoh24,"23""","96""",ESML,,,,,,,,,,
,North,,Shipra,20lgsoh24a,"23""","96""",ESML,,,,,,,,,,
,North,,Shipra,20lgsoh25a-25,"40""","96""",ESML,,,,,,,,,,
,North,,Shipra,20lgsoh25b,"13""","96""",ESML,,,,,,,,,,
,North,,Shipra,20lgsoh26,"23""","96""",ESML,,,,,,,,,,
,North,,,,,,,,,,,,,,,,
,North,,,,,,,,,,,,,,,,
,North,,,,,,,,,,,,,,,,
,North,,,,,,,,,,,,,,,,
,North,,,,,,,,,,,,,,,,
,North,,,,,,,,,,,,,,,,
,North,,,,,,,,,,,,,,,,
,North,,,,,,,,,,,,,,,,
,North,,,,,,,,,,,,,,,,
,North,,,,,,,,,,,,,,,,
,North,,,,,,,,,,,,,,,,
,North,,,,,,,,,,,,,,,,