58gffl5,Zone,Grade,Store Name,Space Code,W,H,Material,D,Qty,,Cost,Level,Inventory Medium,Inventory Type,Location,Category,Beauty SOH Type
1,South,B,Bannerghatta,16V1,43'',106'',Eco Solvent Self adhesive vinyl with matt laminatio,,,,,0,Frontlit,Pillar,Sunglass,Non-apps,
2,South,B,Bannerghatta,16V2,36'',95'',Eco Solvent Self adhesive vinyl with matt laminatio,,,,,0,Frontlit,Pillar,Sunglass,Non-apps,
3,South,B,Bannerghatta,16V3,36'',94'',Eco Solvent Self adhesive vinyl with matt laminatio,,,,,0,Frontlit,Pillar,Watches,Non-apps,
4,South,B,Bannerghatta,16V4,36'',95'',Eco Solvent Self adhesive vinyl with matt laminatio,,,,,0,Frontlit,Pillar,Watches,Non-apps,
5,South,B,Bannerghatta,16V5,36'',95'',Eco Solvent Self adhesive vinyl with matt laminatio,,,,,0,Frontlit,Pillar,Watches,Non-apps,
6,South,B,Bannerghatta,16V7,36'',83'',Eco Solvent Self adhesive vinyl with matt laminatio,,,,,0,Frontlit,Pillar,Watches,Non-apps,
7,South,B,Bannerghatta,16V8,24'',88'',Eco Solvent Self adhesive vinyl with matt laminatio,,,,,0,Frontlit,Pillar,Indian Wear,Ladies,
8,South,B,Bannerghatta,16V9,24'',88'',Eco Solvent Self adhesive vinyl with matt laminatio,,,,,0,Frontlit,Pillar,Ladies Western,Ladies,
9,South,B,Bannerghatta,16V10,24'',88'',Eco solvent self adhesive vinyl with matt lamination,,,,,0,Frontlit,Pillar,Ladies Western,Ladies,
10,South,B,Bannerghatta,16V11,24'',88'',Eco solvent self adhesive vinyl with matt lamination,,,,,0,Frontlit,Pillar,Mens Formal,Mens,
11,South,B,Bannerghatta,16V12,36'',83'',Eco solvent self adhesive vinyl with matt lamination,,,,,0,Frontlit,Pillar,Mens Denim,Mens,
12,South,B,Bannerghatta,16V13,24'',89'',Eco solvent self adhesive vinyl with matt lamination,,,,,0,Frontlit,Pillar,Mens Formal,Mens,
13,South,B,Bannerghatta,16V14,24'',89'',Eco solvent self adhesive vinyl with matt lamination,,,,,0,Frontlit,Pillar,Mens Denim,Mens,
14,South,B,Bannerghatta,16V15,24'',88'',Eco solvent self adhesive vinyl with matt lamination,,,,,0,Frontlit,Pillar,Mens Formal,Mens,
15,South,B,Bannerghatta,16V16,24'',88'',Eco solvent self adhesive vinyl with matt lamination,,,,,0,Frontlit,Pillar,Mens Athleisure,Mens,
16,South,B,Bannerghatta,16V17,24'',88'',Eco solvent self adhesive vinyl with matt lamination,,,,,0,Frontlit,Pillar,Mens Denim,Mens,
17,South,B,Bannerghatta,16V18,24'',88'',Eco solvent self adhesive vinyl with matt lamination,,,,,0,Frontlit,Pillar,Mens Denim,Mens,
18,South,B,Bannerghatta,16V19,36'',83'',Eco solvent self adhesive vinyl with matt lamination,,,,,0,Frontlit,Pillar,Kids Infant,Kids,
19,South,B,Bannerghatta,16V20,36'',83'',Eco solvent self adhesive vinyl with matt lamination,,,,,0,Frontlit,Pillar,Home,Home,
20,South,B,Bannerghatta,16V21,36'',83'',Eco solvent self adhesive vinyl with matt lamination,,,,,0,Frontlit,Pillar,Kids Infant,Kids,
21,South,B,Bannerghatta,16V22,24'',83'',Eco solvent self adhesive vinyl with matt lamination,,,,,0,Frontlit,Pillar,Kids girl,Kids,
22,South,B,Bannerghatta,16V23,36'',83'',Eco solvent self adhesive vinyl with matt lamination,,,,,0,Frontlit,Pillar,Kids Infant,Kids,
23,South,B,Bannerghatta,16V24,24'',89'',Eco solvent self adhesive vinyl with matt lamination,,,,,0,Frontlit,Pillar,Indian Wear,Ladies,
24,South,B,Bannerghatta,16V25,40'',94'',Eco solvent self adhesive vinyl with matt lamination,,,,,0,Frontlit,Pillar,Lingerie,Ladies,
25,South,B,Bannerghatta,16V26,24'',88'',Eco solvent self adhesive vinyl with matt lamination,,,,,0,Frontlit,Pillar,Luggage,Luggage,
26,South,B,Bannerghatta,16V27,24'',88'',Eco solvent self adhesive vinyl with matt lamination,,,,,0,Frontlit,Pillar,Mens Denim,Mens,
27,South,B,Bannerghatta,16W1,27',8',GB Vinyl,,,,,0,Frontlit,Window,Generic,Generic,
28,South,B,Bannerghatta,16W2,27',8',GB Vinyl,,,,,0,Frontlit,Window,Generic,Generic,
29,South,B,Bannerghatta,16W4,27',8',GB Vinyl,,,,,0,Frontlit,Window,Generic,Generic,
30,South,B,Bannerghatta,16W5,27',8',GB Vinyl,,,,,0,Frontlit,Window,Generic,Generic,
31,South,B,Bannerghatta,16W3,27',8',ESML,,,,,0,Frontlit,Window,Fragrance,Beauty,
32,South,B,Bannerghatta,16W6,27',8',Transulent Vinyl,,,,,0,Frontlit,Façade,Generic,Generic,
33,South,B,Bannerghatta,16W7,27',8',GB Vinyl,,,,,0,Frontlit,Window,Generic,Generic,
34,South,B,Bannerghatta,16FP1-8,40'',72'',Backlit Fabric with silicon strips,,,,,0,Backlit,Façade,Generic,Generic,
35,South,B,Bannerghatta,16FP9-16,40'',72'',Backlit Fabric with silicon strips,,,,,0,Backlit,Façade,Generic,Generic,
36,South,B,Bannerghatta,16GFCC1,167'',48'',Backlit Fabric,,,,,0,Backlit,Cash Counter,Ladies Western,Ladies,
37,South,B,Bannerghatta,16GFCC2,112'',48'',ESML,,,,,0,Frontlit,Cash Counter,Mens,Mens,
38,South,B,Bannerghatta,16ATR1,"120"" +1"" bleed","120"" +1"" bleed",Backlit Fabric with Silion Strips,,,,,0,Backlit,Atrium,Fragrance,Beauty,
39,South,B,Bannerghatta,16ATR2,"120"" +1"" bleed","120"" +1"" bleed",Backlit Fabric with Silion Strips,,,,,0,Backlit,Atrium,Fragrance,Beauty,
40,South,B,Bannerghatta,16ATR3,"120"" +1"" bleed","120"" +1"" bleed",Backlit Fabric with Silion Strips,,,,,0,Backlit,Atrium,Non-apps,Non-apps,
41,South,B,Bannerghatta,16ATR4,"120"" +1"" bleed","120"" +1"" bleed",Backlit Fabric with silicon strips,,,,,0,Backlit,Atrium,Non-apps,Non-apps,
42,South,B,Bannerghatta,16ATR5,"120"" +1"" bleed","120"" +1"" bleed",Backlit fabric with Silicon Strips,,,,,0,Backlit,Atrium,Fragrance,Beauty,
43,South,B,Bannerghatta,16ATR6,"120"" +1"" bleed","120"" +1"" bleed",Backlit fabric with Silicon Strips,,,,,0,Backlit,Atrium,Non-apps,Non-apps,
44,South,B,Bannerghatta,16DD1,"118""","194""",Backlit fabric with Silicon Strips,,,,,0,Backlit,Façade,Generic,Generic,
45,South,B,Bannerghatta,16DD2,120,204,PVC material,,,,,0,Backlit,Façade,Generic,Generic,
46,South,B,Bannerghatta,16DD3,118'',197'',Backlit fabric with Silicon Strips,,,,,0,Backlit,Façade,Generic,Generic,
47,South,B,Bannerghatta,16DD4,120,204,PVC material,,,,,0,Backlit,Façade,Generic,Generic,
48,South,B,Bannerghatta,16DD5,120,204,PVC material,,,,,0,Backlit,Façade,Generic,Generic,
49,South,B,Bannerghatta,16DD6,120,204,PVC material,,,,,0,Backlit,Façade,Fragrance,Beauty,
50,South,B,Bannerghatta,16DSO1,,,LED,,,,,,,,,,
51,South,B,Bannerghatta,16V28,78'',124'',Grey Back Self adhesive vinyl with matt lamination,,,,,0,Frontlit,Pillar,Mens Denim,Mens,
52,South,B,Bannerghatta,16DTH1,50'',30'',Video in MP4 / jpeg slides,,,,,0,Digital,Store Entrance,Generic,Generic,
,,,,,,,,,,,,,,,,,
1,South,C,Calicut,262FFCC1,219'',78'',Backlit Fabric with Silion Strips,,,,,1,Backlit,Cash Counter,Mens,Mens,
2,South,C,Calicut,262GFV1,41'',114'',Fabric,,,,,0,Backlit,Pillar,Watches,Non-apps,
3,South,C,Calicut,262GFV2,52'',119'',Backlit Fabric with Silion Strips,,,,,0,Backlit,Pillar,Watches,Non-apps,
4,South,C,Calicut,262GFV3,52'',118'',Fabric,,,,,0,Backlit,Pillar,Watches,Non-apps,
5,South,C,Calicut,262GFV4,25'',115'',Backlit Fabric with Silicon Strip,,,,,0,Backlit,Pillar,Beauty,Beauty,
6,South,C,Calicut,262GFV5,25'',115'',Backlit Fabric with Silicon Strip,,,,,0,Backlit,Pillar,Beauty,Beauty,
7,South,C,Calicut,262GFV6,25'',115'',Backlit Fabric with Silicon Strip,,,,,0,Backlit,Pillar,Handbags,Leather,
8,South,C,Calicut,262GFV7,25'',115'',Backlit Fabric with Silion Strips,,,,,0,Backlit,Pillar,Handbags,Leather,
9,South,C,Calicut,262GFV8,25'',115'',Backlit Fabric with Silion Strips,,,,,0,Backlit,Pillar,Ladies Western,Ladies,
10,South,C,Calicut,262GFV9,25'',119'',Fabric ,,,,,0,Backlit,Pillar,Lingerie,Ladies,
11,South,C,Calicut,262GFV10,25'',115'',Backlit Fabric with Silion Strips,,,,,0,Backlit,Pillar,Kids girl,Kids,
12,South,C,Calicut,262GFV11,25'',115'',Backlit Fabric with Silion Strips,,,,,0,Backlit,Pillar,Kids girl,Kids,
13,South,C,Calicut,262GFV13,25'',115'',Backlit Fabric with Silion Strips,,,,,0,Backlit,Pillar,Ladies Indian,Ladies,
14,South,C,Calicut,262GFCC1,240'',79'',Backlit Fabric with Silion Strips,,,,,0,Backlit,Cash Counter,Non-apps,Non-apps,
15,South,C,Calicut,262GFSV2,13'',55'',Translite Flim,,,,,0,Frontlit,Sensomatic,Non-apps,Non-apps,
16,South,C,Calicut,262FFV1,25'',115'',Backlit Fabric with Silion Strips,,,,,1,Backlit,Pillar,Mens Formal,Mens,
17,South,C,Calicut,262FFV2,60'',121'',Fabric ,,,,,1,Backlit,Pillar,Mens Denim,Mens,
18,South,C,Calicut,262FFV3,25'',115'',Backlit Fabric with Silion Strip,,,,,1,Backlit,Pillar,Mens Athleisure,Mens,
19,South,C,Calicut,262FFV4,25'',115'',Backlit Fabric with Silion Strips,,,,,1,Backlit,Pillar,Mens Athleisure,Mens,
20,South,C,Calicut,262FFV5,25'',115'',Backlit Fabric with Silion Strips,,,,,1,Backlit,Pillar,Mens Formal,Mens,
21,South,C,Calicut,262FFV6,25'',115'',Backlit Fabric with Silion Strips,,,,,1,Backlit,Pillar,Mens Formal,Mens,
22,South,C,Calicut,262FFV7,24'',115'',Backlit Fabric with Silion Strips,,,,,1,Backlit,Pillar,Mens Formal,Mens,
23,South,C,Calicut,262FFV8,47'',115'',Backlit Fabric with Silion Strips,,,,,1,Backlit,Pillar,Mens Casual,Mens,
24,South,C,Calicut,262FFSV1,13'',55'',Translite Flim,,,,,1,Frontlit,Sensomatic,Mens,Mens,
25,South,C,Calicut,262FFSV2,13'',55'',Translite Flim,,,,,1,Frontlit,Sensomatic,Mens,Mens,
26,South,C,Calicut,262GFSV1,13'',55'',Translite Flim,,,,,0,Frontlit,Sensomatic,Beauty,Beauty,
27,South,C,Calicut,262GFSV2,13'',55'',Translite Flim,,,,,0,Frontlit,Sensomatic,Non-apps,Non-apps,
28,South,C,Calicut,262GFV12,60'',115'',Backlit Fabric with Silion Strips,,,,,0,Backlit,Stairway,Kids Boy,Kids,
,,,,,,,,,,,,,,,,,
1,South,C,Lulu Trivandrum,851GFV2,30'',103'',Backlit Fabric with Silion Strips,,,,,0,Backlit,Pillar,Fragrance,Beauty,
2,South,C,Lulu Trivandrum,851GFV3,24'',103'',Backlit Fabric with Silion Strips,,,,,0,Backlit,Pillar,Watches,Non-apps,
3,South,C,Lulu Trivandrum,851GFV4,"38""","142""",Backlit Fabric with Silion Strips,,,,,0,Backlit,Pillar,Handbags,Leather,
4,South,C,Lulu Trivandrum,851GFV5,38'',142'',Backlit Fabric with Silion Strips,,,,,0,Backlit,Pillar,Beauty,Beauty,
5,South,C,Lulu Trivandrum,851GFV6,24'',103'',Backlit Fabric with Silion Strips,,,,,0,Backlit,Pillar,Mens Denim,Mens,
6,South,C,Lulu Trivandrum,851GFV7,37'',107'',Backlit Fabric with Silion Strip,,,,,0,Backlit,Pillar,Footwear,Leather,
7,South,C,Lulu Trivandrum,851GFV8,24'',103'',Backlit Fabric with Silion Strips,,,,,0,Backlit,Pillar,Mens Formal,Mens,
8,South,C,Lulu Trivandrum,851GFV9,24'',103'',Backlit Fabric with Silion Strips,,,,,0,Backlit,Pillar,Mens Denim,Mens,
9,South,C,Lulu Trivandrum,851GFV10,23'',102'',Backlit Fabric with Silion Strips,,,,,0,Backlit,Pillar,Indian Wear,Ladies,
10,South,C,Lulu Trivandrum,851GFV11,24'',103'',Backlit Fabric with Silion Strips,,,,,0,Backlit,Pillar,Luggage,Leather,
11,South,C,Lulu Trivandrum,851GFV12,24'',103'',Backlit Fabric with Silion Strips,,,,,0,Backlit,Pillar,Mens Denim,Mens,
12,South,C,Lulu Trivandrum,851GFV13,24'',104'',Backlit Fabric with Silion Strips,,,,,0,Backlit,Pillar,Kids,Kids,
13,South,C,Lulu Trivandrum,851GFV14,36'',103'',Backlit Fabric with Silion Strips,,,,,0,Backlit,Pillar,Ladies Western,Ladies,
14,South,C,Lulu Trivandrum,851GFSV1,17'',52'',Translite Flim,,,,,0,Frontlit,Sensomatic,Non-apps,Non-apps,
15,South,C,Lulu Trivandrum,851GFSV2,17'',52'',Translite Flim,,,,,0,Frontlit,Sensomatic,Beauty,Beauty,
16,South,C,Lulu Trivandrum,851FFV1,24'',103'',Backlit Fabric with Silion Strips,,,,,,,,,,
17,South,C,Lulu Trivandrum,851FFV2,24'',103'',Backlit Fabric with Silion Strips,,,,,,,,,,
18,South,C,Lulu Trivandrum,851FFV4,128'',107'',Backlit Fabric with Silion Strips,,,,,,,,,,
19,South,C,Lulu Trivandrum,851FFV5,24'',103'',Backlit Fabric with Silion Strips,,,,,,,,,,
20,South,C,Lulu Trivandrum,851GFCC1,181'',112'',Backlit Fabric with Silion Strips,,,,,0,Backlit,Cash Counter,Non-apps,Non-apps,
21,South,C,Lulu Trivandrum,851FFSV1,13'',55'',,,,,,,,,,,
22,South,C,Lulu Trivandrum,851GFV1,30'',105'',Backlit Fabric with Silion Strips,,,,,0,backlit,Pillar,Sunglass,Non-apps,
23,South,C,Lulu Trivandrum,851DS01,Actual,Actual,MP4/JPEG,,,,,0,Digital,Store Entrance,Generic,Generic,
,,,,,,,,,,,,,,,,,
1,South,B,Kochi,8530GFV1,47'',130'',Backlit Fabric with Silion Strips,,,,,0,Backlit,Pillar,Watches,Non-apps,
2,South,B,Kochi,8530GFV2,39'',130'',Backlit Fabric with Silion Strips,,,,,0,Backlit,Pillar,Watches,Non-apps,
3,South,B,Kochi,8530GFV3,41'',130'',Backlit Fabric with Silion Strips,,,,,0,Backlit,Pillar,Bags,Leather,
4,South,B,Kochi,8530GFV4,42'',130'',Backlit Fabric with Silion Strips,,,,,0,Backlit,Pillar,Sunglass,Non-apps,
5,South,B,Kochi,8530GFV5,36'',103'',Backlit Fabric with Silion Strips,,,,,0,Backlit,Pillar,Ladies Ethnic,Ladies,
6,South,B,Kochi,8530GFV6,36'',103'',Backlit Fabric with Silion Strips,,,,,0,Backlit,Pillar,Ladies Ethnic,Ladies,
7,South,B,Kochi,8530GFV7,35'',102'',Backlit Fabric with Silion Strips,,,,,0,Backlit,Pillar,Ladies Ethnic,Ladies,
8,South,B,Kochi,8530GFV8,35'',102'',Backlit Fabric with Silion Strips,,,,,0,Backlit,Pillar,Ladies Ethnic,Ladies,
9,South,B,Kochi,8530GFV9,35'',102'',Backlit Fabric with Silion Strips,,,,,0,Backlit,Pillar,Ladies Western,Ladies,
10,South,B,Kochi,8530GFV10,35'',102'',Backlit Fabric with Silion Strips,,,,,0,Backlit,Pillar,Ladies Western,Ladies,
11,South,B,Kochi,8530GFV11,35'',102'',Backlit Fabric with Silion Strips,,,,,0,Backlit,Pillar,Ladies Western,Ladies,
12,South,B,Kochi,8530GFV12,35'',102'',Backlit Fabric with Silion Strips,,,,,0,Backlit,Pillar,Ladies Ethnic,Ladies,
13,South,B,Kochi,8530GFV13,35'',102'',Backlit Fabric with Silion Strips,,,,,0,Backlit,Pillar,Ladies Ethnic,Ladies,
14,South,B,Kochi,8530GFV14,35'',102'',Backlit Fabric with Silion Strips,,,,,0,Backlit,Pillar,Ladies Ethnic,Ladies,
15,South,B,Kochi,8530GFV15,35'',102'',Backlit Fabric with Silion Strips,,,,,0,Backlit,Pillar,Beauty,Beauty,
16,South,B,Kochi,8530GFV16,43'',130'',Backlit Fabric with Silion Strips,,,,,0,Backlit,Pillar,Fragrance,Beauty,
17,South,B,Kochi,8530GFV17,47'',130'',Backlit Fabric with Silion Strips,,,,,0,Backlit,Pillar,Fragrance,Beauty,
18,South,B,Kochi,8530GFV18,41'',130'',Backlit Fabric with Silion Strips,,,,,0,Backlit,Pillar,Fragrance,Beauty,
19,South,B,Kochi,8530GFV19,39'',128'',Backlit Fabric with Silion Strips,,,,,0,Backlit,Pillar,Watches,Non-apps,
20,South,B,Kochi,8530GFV19-1,47'',130'',Backlit Fabric with Silion Strips,,,,,,,,,,
21,South,B,Kochi,8530GFV20,33'',133'',Backlit Fabric with Silion Strips,,,,,0,Backlit,Pillar,Ladies Ethnic,Ladies,
22,South,B,Kochi,8530FFV1,41'',127'',Backlit Fabric with Silion Strips,,,,,0,Backlit,Pillar,Mens Formal,Mens,
23,South,B,Kochi,8530FFV2,29'',102'',Backlit Fabric with Silion Strips,,,,,0,Backlit,Pillar,Mens Formal,Mens,
24,South,B,Kochi,8530FFV3,35'',102'',Backlit Fabric with Silion Strips,,,,,0,Backlit,Pillar,Ugs,Mens,
25,South,B,Kochi,8530FFV4,35'',102'',Backlit Fabric with Silion Strips,,,,,0,Backlit,Pillar,Footwear,Leather,
26,South,B,Kochi,8530FFV5,35'',102'',Backlit Fabric with Silion Strips,,,,,0,Backlit,Pillar,Mens Denim,Mens,
27,South,B,Kochi,8530FFV6,35'',102'',Backlit Fabric with Silion Strips,,,,,0,Backlit,Pillar,Mens Denim,Mens,
28,South,B,Kochi,8530FFV7,36'',103'',Backlit Fabric with Silion Strips,,,,,0,Backlit,Pillar,Mens Denim,Mens,
29,South,B,Kochi,8530FFV8,35'',102'',Backlit Fabric with Silion Strips,,,,,0,Backlit,Pillar,Mens Formal,Mens,
30,South,B,Kochi,8530FFV9,35'',102'',Backlit Fabric with Silion Strips,,,,,0,Backlit,Pillar,Mens Formal,Mens,
31,South,B,Kochi,8530FFV10,35'',102'',Backlit Fabric with Silion Strips,,,,,0,Backlit,Pillar,Mens Formal,Mens,
32,South,B,Kochi,8530FFV11,35'',102'',Backlit Fabric with Silion Strips,,,,,0,Backlit,Pillar,Mens Denim,Mens,
33,South,B,Kochi,8530FFV12,36'',133'',Backlit Fabric with Silion Strips,,,,,0,Backlit,Pillar,Mens Denim,Mens,
34,South,B,Kochi,8530FFCC1,139'',82'',Backlit Fabric with Silion Strips,,,,,0,Backlit,Cash Counter,Mens,Mens,
35,South,B,Kochi,8530GFCC1,102'',83'',Backlit Fabric with Silion Strips,,,,,0,Backlit,Cash Counter,Generic,Generic,
36,South,B,Kochi,8530GFSV1,Actuals,Actuals,Backlit Fabric with Silion Strips,,,,,0,Backlit,Sensomatic,Beauty,Beauty,
37,South,B,Kochi,8530FFV13,47.5,102.5,Backlit Fabric with Silion Strips,,,,,0,Backlit,Pillar,Generic,Generic,
38,South,B,Kochi,8530FFSV1,Actuals,Actuals,Backlit Fabric with Silion Strips,,,,,0,Backlit,Sensomatic,Generic,Generic,
39,South,B,Kochi,8530DS01,Actuals,Actuals,Backlit Fabric with Silion Strips,,,,,0,Digital,Digital,Generic,Generic,
40,South,B,Kochi,8530DS02,Actuals,Actuals,Backlit Fabric with Silion Strips,,,,,0,Digital,Digital,Generic,Generic,
,,,,,,,,,,,,,,,,,
1,South,B,Prestige Kanakpura,8523GFV7,36'',135'',Backlit Fabric with Silicon Strips,,,,,0,Backlit,Pillar,Beauty,Beauty,
2,South,B,Prestige Kanakpura,8523DS01,Actuals,Actuals,MP4/JPEG,,,,,-1,Digital,Digital,Generic,Generic,
3,South,B,Prestige Kanakpura,8523DS02,Actuals,Actuals,MP4/JPEG,,,,,0,Digital,Digital,Generic,Generic,
4,South,B,Prestige Kanakpura,8523FFCC1,103'',76'',Backlit Fabric with Silicon Strips,,,,,1,Backlit,Cash Counter,Mens,Mens,
5,South,B,Prestige Kanakpura,8523FFSV1,16'',56'',Translite Flim Qty-6,,,,,1,Frontlit,Sensomatic,Mens,Mens,
6,South,B,Prestige Kanakpura,8523FFV1,36'',103'',Backlit Fabric with Silion Strips,,,,,1,Backlit,Pillar,Ugs,Mens,
7,South,B,Prestige Kanakpura,8523GFFB4,96'',93'',Backlit Fabric with Silion Strips,,,,,0,Backlit,Façade,Generic,Generic,
8,South,B,Prestige Kanakpura,8523FFV2,24'',102'',Backlit Fabric with Silion Strips,,,,,1,Backlit,Pillar,Mens Footwear,Leather,
9,South,B,Prestige Kanakpura,8523FFV3,35'',102'',Backlit Fabric with Silion Strips,,,,,1,Backlit,Pillar,Mens Footwear,Leather,
10,South,B,Prestige Kanakpura,8523FFV4,40'',106'',Backlit Fabric with Silicon Strips,,,,,1,Backlit,Pillar,Mens Denim,Mens,
11,South,B,Prestige Kanakpura,8523FFV5,23.42”,101.96'',Backlit Fabric with Silicon Strips,,,,,1,Backlit,Pillar,Mens Formal,Mens,
12,South,B,Prestige Kanakpura,8523FFV6,36'',103'',Backlit Fabric with Silicon Strips,,,,,1,Backlit,Pillar,Mens Formal,Mens,
13,South,B,Prestige Kanakpura,8523FFV7,48'',103'',Backlit Fabric with Silicon Strips,,,,,1,Backlit,Pillar,Mens Formal,Mens,
14,South,B,Prestige Kanakpura,8523FFV8,24'',103'',Backlit Fabric with Silicon Strips,,,,,1,Backlit,Pillar,Mens Denim,Mens,
15,South,B,Prestige Kanakpura,8523LGV1,40'',114'',Backlit Fabric with Silicon Strips,,,,,-1,Backlit,Pillar,Indian Wear,Ladies,
16,South,B,Prestige Kanakpura,8523LGV2,31'',101'',Backlit Fabric with Silicon Strips,,,,,-1,Backlit,Pillar,Women Athleisure,Ladies,
17,South,B,Prestige Kanakpura,8523LGV3,36'',103'',Backlit Fabric with Silion Strips,,,,,-1,Backlit,Pillar,Lingerie,Ladies,
18,South,B,Prestige Kanakpura,8523LGV4,24'',103'',Backlit Fabric with Silion Strips,,,,,-1,Backlit,Pillar,Lingerie,Ladies,
19,South,B,Prestige Kanakpura,8523LGV5,36'',103'',Backlit Fabric with Silion Strips,,,,,-1,Backlit,Pillar,Lingerie,Ladies,
20,South,B,Prestige Kanakpura,8523LGV6,24'',102'',Backlit Fabric with Silion Strips,,,,,-1,Backlit,Pillar,Home,Home,
21,South,B,Prestige Kanakpura,8523LGV7,35'',102'',Backlit Fabric with Silion Strips,,,,,-1,Backlit,Pillar,Home,Home,
22,South,B,Prestige Kanakpura,8523LGV8,36'',103'',Backlit Fabric with Silicon Strips,,,,,-1,Backlit,Pillar,Indian Wear,Ladies,
23,South,B,Prestige Kanakpura,8523LGV9,50'',107'',Backlit Fabric with Silicon Strips,,,,,-1,Backlit,Pillar,Ladies,Ladies,
24,South,B,Prestige Kanakpura,8523LGV10,35'',102'',Backlit Fabric with Silion Strips,,,,,-1,Backlit,Pillar,Ladies Western,Ladies,
25,South,B,Prestige Kanakpura,8523LGV11,35'',102'',Backlit Fabric with Silion Strips,,,,,-1,Backlit,Pillar,Ladies Western,Ladies,
26,South,B,Prestige Kanakpura,8523LGV12,24'',102'',Backlit Fabric with Silicon Strips,,,,,-1,Backlit,Pillar,Ladies Western,Ladies,
27,South,B,Prestige Kanakpura,8523LGV13,36'',103'',Backlit Fabric with Silicon Strips,,,,,-1,Backlit,Pillar,Indian Wear,Ladies,
28,South,B,Prestige Kanakpura,8523LGV14,24'',103'',Backlit Fabric with Silicon Strips,,,,,-1,Backlit,Pillar,Ladies Western,Ladies,
29,South,B,Prestige Kanakpura,8523LGV15,24'',103'',Backlit Fabric with Silicon Strips,,,,,-1,Backlit,Pillar,Kids,Kids,
30,South,B,Prestige Kanakpura,8523LGV16,24'',102'',Backlit Fabric with Silion Strips,,,,,-1,Backlit,Pillar,Home,Home,
31,South,B,Prestige Kanakpura,8523LGCC1,186'',81'',Backlit Fabric with Silicon Strips,,,,,-1,Backlit,Cash Counter,Ladies,Ladies,
32,South,B,Prestige Kanakpura,8523LGSV1,16'',56'',Translite Flim,,,,,-1,Frontlit,Sensomatic,Indian Wear,Ladies,
33,South,B,Prestige Kanakpura,8523LGSV2,16'',56'',Translite Flim,,,,,-1,Frontlit,Sensomatic,Kids,Kids,
34,South,B,Prestige Kanakpura,8523GFV15,36'',103'',Backlit Fabric with Silicon Strips,,,,,0,Backlit,Pillar,Ladies Western,Ladies,
35,South,B,Prestige Kanakpura,8523GFFB1,96'',94'',Backlit Fabric with Silicon Strips,,,,,0,Backlit,Façade,Generic,Generic,
36,South,B,Prestige Kanakpura,8523GFCC1,118'',89'',Backlit Fabric with Silion Strips,,,,,0,Backlit,Cash Counter,Non-apps,Non-apps,
37,South,B,Prestige Kanakpura,8523GFV7,36'',135'',Backlit Fabric with Silicon Strip,,,,,0,Backlit,Pillar,Beauty,Beauty,
38,South,B,Prestige Kanakpura,8523GFV8,24'',102'',Backlit Fabric with Silion Strips,,,,,0,Backlit,Pillar,Sunglass,Non-apps,
39,South,B,Prestige Kanakpura,8523GFV9,30'',103'',Backlit Fabric with Silion Strips,,,,,0,Backlit,Pillar,Sunglass,Non-apps,
40,South,B,Prestige Kanakpura,8523GFV10,24'',102'',Backlit Fabric with Silion Strips,,,,,0,Backlit,Pillar,Sunglass,Non-apps,
41,South,B,Prestige Kanakpura,8523GFV11,25'',103'',Backlit Fabric with Silion Strips,,,,,0,Backlit,Pillar,Handbags,Leather,
42,South,B,Prestige Kanakpura,8523GFV12,24'',102'',Backlit Fabric with Silion Strips,,,,,0,Backlit,Pillar,Handbags,Leather,
43,South,B,Prestige Kanakpura,8523GFV13,35'',102'',Backlit Fabric with Silion Strips,,,,,0,Backlit,Pillar,Handbags,Leather,
44,South,B,Prestige Kanakpura,8523GFV14,24'',102'',Backlit Fabric with Silion Strips,,,,,0,Backlit,Pillar,Handbags,Leather,
45,South,B,Prestige Kanakpura,8523GFV15,35'',102'',Backlit Fabric with Silion Strips,,,,,0,Backlit,Pillar,Ladies Western,Ladies,
46,South,B,Prestige Kanakpura,8523GFV1,37'',136'',Backlit Fabric with Silion Strips,,,,,0,Backlit,Pillar,Beauty,Beauty,
47,South,B,Prestige Kanakpura,8523GFV2,50'',136'',Backlit Fabric with Silion Strips,,,,,0,Backlit,Pillar,Watches,Non-apps,
48,South,B,Prestige Kanakpura,8523GFV3,50'',136'',Backlit Fabric with Silion Strips,,,,,0,Backlit,Pillar,Watches,Non-apps,
49,South,B,Prestige Kanakpura,8523GFV4,51'',136'',Backlit Fabric with Silion Strips,,,,,0,Backlit,Pillar,Watches,Non-apps,
50,South,B,Prestige Kanakpura,8523GFV5,51'',136'',Backlit Fabric with Silion Strips,,,,,0,Backlit,Pillar,Watches,Non-apps,
51,South,B,Prestige Kanakpura,8523GFV6,36'',103'',Backlit Fabric with Silion Strips,,,,,0,Backlit,Pillar,Ladies Western,Ladies,
52,South,B,Prestige Kanakpura,8523GFFB2,96'',93'',Backlit Fabric with Silion Strips,,,,,0,Backlit,Façade,Beauty,Beauty,
53,South,B,Prestige Kanakpura,8523GFFB3,96'',93'',Backlit Fabric with Silion Strips,,,,,0,Backlit,Façade,Generic,Generic,
54,South,B,Prestige Kanakpura,8523GFSV1,15'',56'',Translite Flim,,12,,,0,Frontlit,Sensomatic,Beauty,Beauty,
55,South,B,Prestige Kanakpura,8523GFSV2,15'',56'',Translite Flim,,10,,,0,Frontlit,Sensomatic,Beauty,Beauty,
56,South,B,Prestige Kanakpura,8523DS03,Actuals,Actuals,MP4/JPEG,,,,,1,Digital,Digital,Generic,Generic,
,,,,,,,,,,,,,,,,,
1,South,B,Garuda,2GFV1,23'',102'',Backlit Fabric with Silion Strips,,,,,0,Backlit,Pillar,Watches,Non-apps,
2,South,B,Garuda,2GFV2,23'',102'',Backlit Fabric with Silion Strips,,,,,0,Backlit,Pillar,Watches,Non-apps,
3,South,B,Garuda,2GFV3,23'',102'',Backlit Fabric with Silion Strips,,,,,0,Backlit,Pillar,Beauty,Beauty,
4,South,B,Garuda,2GFV4,23'',102'',Backlit Fabric with Silion Strips,,,,,0,Backlit,Pillar,Ladies Western,Ladies,
5,South,B,Garuda,2GFV5,23'',102'',Backlit Fabric with Silion Strips,,,,,0,Backlit,Pillar,Ladies Western,Ladies,
6,South,B,Garuda,2GFV6,23'',86'',Backlit Fabric with Silion Strips,,,,,0,Backlit,Pillar,Ladies Western,Ladies,
7,South,B,Garuda,2GFV7,23'',83'',Backlit Fabric with Silion Strips,,,,,0,Backlit,Pillar,Handbags,Leather,
8,South,B,Garuda,2GFV8,23'',102'',Backlit Fabric with Silion Strips,,,,,0,Backlit,Pillar,Lingerie,Ladies,
9,South,B,Garuda,2GFV9,23'',102'',Backlit Fabric with Silion Strips,,,,,0,Backlit,Pillar,Lingerie,Ladies,
10,South,B,Garuda,2GFV10,41'',90'',Backlit Fabric with Silion Strips,,,,,0,Backlit,Pillar,Fragrance,Beauty,
11,South,B,Garuda,2GFV11,47'',104'',Backlit Fabric with Silion Strips,,,,,0,Backlit,Pillar,Fragrance,Beauty,
12,South,B,Garuda,2FFV1,60'',100'',Backlit Fabric with Silion Strips,,,,,1,Backlit,Façade,Indian Wear,Ladies,
13,South,B,Garuda,2FFV2,23'',102'',Backlit Fabric with Silion Strips,,,,,1,Backlit,Pillar,Kids Boy,Kids,
14,South,B,Garuda,2FFV3,23'',102'',Backlit Fabric with Silion Strips,,,,,1,Backlit,Pillar,Indian Wear,Ladies,
15,South,B,Garuda,2FFV4,23'',102'',Backlit Fabric with Silion Strips,,,,,1,Backlit,Pillar,Kids girl,Kids,
16,South,B,Garuda,2FFV5,23'',102'',Backlit Fabric with Silion Strips,,,,,1,Backlit,Pillar,Indian Wear,Ladies,
17,South,B,Garuda,2FFV6,47'',102'',Backlit Fabric with Silion Strips,,,,,1,Backlit,Stairway,Kids Infant,Kids,
18,South,B,Garuda,2SFV1,61'',100'',Backlit Fabric with Silion Strips,,,,,2,Backlit,Façade,Mens,Mens,
19,South,B,Garuda,2SFV2,23'',102'',Backlit Fabric with Silion Strips,,,,,2,Backlit,Pillar,Mens Formal,Mens,
20,South,B,Garuda,2SFV3,33'',106'',Backlit Fabric with Silion Strips,,,,,2,Backlit,Pillar,Mens Denim,Mens,
21,South,B,Garuda,2SFV4,20'',102'',Backlit Fabric with Silion Strips,,,,,2,Backlit,Pillar,Mens Formal,Mens,
22,South,B,Garuda,2SFV6,"88""","79""",Backlit Fabric with Silion Strips,,,,,2,Backlit,Façade,Mens,Mens,
23,South,B,Garuda,2SFV7,24'',102'',Backlit Fabric with Silion Strips,,,,,2,Backlit,Pillar,Mens Formal,Mens,
24,South,B,Garuda,2L1ODV3,88'',81'',Eco Solvent self adhesive vinyl with matt lamination,,,,,0,Frontlit,Façade,Fragrance,Beauty,
25,South,B,Garuda,2L1ODV1,89'',82'',Grey Back Self adhesive vinyl with matt lamination,,,,,0,Frontlit,Façade,Generic,Generic,
26,South,B,Garuda,2L1ODV2,89'',82'',Grey Back Self adhesive vinyl with matt lamination,,,,,0,Frontlit,Façade,Generic,Generic,
27,South,B,Garuda,2L1ODV4,89'',82'',Grey Back Self adhesive vinyl with matt lamination,,,,,0,Frontlit,Façade,Generic,Generic,
28,South,B,Garuda,2L1ODV5,89'',82'',Eco Solvent self adhesive vinyl with matt lamination,,,,,,,,,,
29,South,B,Garuda,2L1ODV6,89'',82'',Eco Solvent self adhesive vinyl with matt lamination,,,,,,,,,,
30,South,B,Garuda,2L2ODV4,89'',82'',Grey Back Self adhesive vinyl with matt lamination,,,,,1,Frontlit,Façade,Generic,Generic,
31,South,B,Garuda,2L2ODV1,88'',81'',Eco Solvent self adhesive vinyl with matt lamination,,,,,1,Frontlit,Façade,Generic,Generic,
32,South,B,Garuda,2L2ODV2,89'',82'',Eco Solvent self adhesive vinyl with matt lamination,,,,,1,Frontlit,Façade,Generic,Generic,
33,South,B,Garuda,2L3ODV2,88'',81'',Eco Solvent self adhesive vinyl with matt lamination,,,,,2,Frontlit,Façade,Generic,Generic,
34,South,B,Garuda,2L3ODV3,88'',81'',Eco Solvent self adhesive vinyl with matt lamination,,,,,2,Frontlit,Façade,Generic,Generic,
35,South,B,Garuda,2L3ODV4,88'',81'',Eco Solvent self adhesive vinyl with matt lamination,,,,,2,Frontlit,Façade,Generic,Generic,
36,South,B,Garuda,2FFCC1,164'',51'',Backlit Fabric with Silion Strips,,,,,1,Backlit,Cash Counter,Indian Wear,Ladies,
37,South,B,Garuda,2FFSV1,30'',60'',Digital print on 5mm sunboard,5.5,3,,,1,Frontlit,Sensomatic,Indian Wear,Ladies,
38,South,B,Garuda,2GFCC1,159'',51'',Backlit Fabric with Silion Strips,,,,,0,Backlit,Cash Counter,Generic,Generic,
39,South,B,Garuda,2GFSV1,13'',55'',Translite Flim,,,,,0,Frontlit,Sensomatic,Non-apps,Non-apps,
40,South,B,Garuda,2GFSV2,13'',55'',Translit Film,,,,,0,Frontlit,Sensomatic,Fragrance,Beauty,
41,South,B,Garuda,2SFCC1,154'',72'',Eco Solvent self adhesive vinyl with matt lamination,,,,,2,Backlit,Cash Counter,Mens,Mens,
42,South,B,Garuda,2DS01,23'',33'',MP4/JPEG,,,,,0,Digital,Digital,Generic,Generic,
43,South,B,Garuda,2SFV5,48'',103'',Backlit Fabric with Silion Strips,,,,,2,Backlit,Stairway,Mens Denim,Mens,
44,South,B,Garuda,2SFSV1,30'',61'',Digital print on 5mm sunboard,5.5,3,,,2,Frontlit,Sensomatic,Mens,Mens,
45,South,B,Garuda,2L2ODV3,89'',83'',Grey Back Self adhesive vinyl with matt lamination,,,,,1,Frontlit,Façade,Generic,Generic,
46,South,B,Garuda,2L3ODV1,90'',82'',Grey Back Self adhesive vinyl with matt lamination,,,,,2,Frontlit,Façade,Generic,Generic,
,,,,,,,,,,,,,,,,,
1,South,C,Mysore,61GFV3,32'',96'',Eco Solvent Self adhesive vinyl with matt lamination,,,,,0,Frontlit,Pillar,Indian Wear,Ladies,
2,South,C,Mysore,61GFV5,32'',96'',Eco Solvent Self adhesive vinyl with matt lamination,,,,,0,Frontlit,Pillar,Indian Wear,Ladies,
3,South,C,Mysore,61FFCC1,161'',60'',Backlit Fabric with silicon strips,,,,,1,Backlit,Cash Counter,Mens,Mens,
4,South,C,Mysore,61SFCC1,163'',60'',Backlit Fabric with silicon strips,,,,,2,Backlit,Cash Counter,Kids,Kids,
5,South,C,Mysore,61SFV1,43'',107'',Eco Solvent Self adhesive vinyl with matt lamination,,,,,2,Frontlit,Pillar,Kids Boy,Kids,
6,South,C,Mysore,61SFW3,163'',110'',Grey Back Self adhesive vinyl with matt lamination,,,,,2,Frontlit,Window,Kids,Generic,
7,South,C,Mysore,61FFBL1,48'',84'',Fabric silicon,,,,,1,Backlit,Façade,Mens,Mens,
8,South,C,Mysore,61FFBL2,48'',84'',Fabric silicon,,,,,1,Backlit,Façade,Mens,Mens,
9,South,C,Mysore,61FFSV1,31'',61'',sbv 3nos greyback vinyl 3nos tatal 6nos,6,,,,1,Frontlit,Sensomatic,Mens,Mens,
10,South,C,Mysore,61FFV1,42'',96'',Grey Back Self adhesive vinyl with matt lamination,,,,,1,Frontlit,Pillar,Mens Formal,Mens,
11,South,C,Mysore,61FFV2,96'',96'',Grey Back Self adhesive vinyl with matt lamination,,,,,1,Frontlit,Pillar,Mens Athleisure,Mens,
12,South,C,Mysore,61FFW1,352'',115'',Esml,,,,,1,Frontlit,Window,Mens,Mens,
13,South,C,Mysore,61GFD1,60'',96'',Eco solvent self adhesive vinyl with matt lamination,,,,,0,Frontlit,Façade,Non-apps,Non-apps,
14,South,C,Mysore,61GFSV1,30'',60'',Eco Solvent Self adhesive vinyl with matt lamination,4.5,,,,0,Frontlit,Sensomatic,Beauty,Beauty,
15,South,C,Mysore,61GFV1,43'',106'',Eco Solvent Self adhesive vinyl with matt lamination,,,,,0,Frontlit,Pillar,Handbags,Leather,
16,South,C,Mysore,61GFV2,43'',106'',Eco Solvent Self adhesive vinyl with matt lamination,,,,,0,Frontlit,Pillar,Handbags,Leather,
17,South,C,Mysore,61GFV4,32'',96'',Eco Solvent Self adhesive vinyl with matt lamination,,,,,0,Frontlit,Pillar,Indian Wear,Ladies,
18,South,C,Mysore,61GFV6,96'',96'',Grey Back Self adhesive vinyl with matt lamination,,,,,0,Frontlit,Stairway,Ladies Western,Ladies,
19,South,C,Mysore,61GFW1,300'',112'',"flex and floor flex 333""x50""",,,,,0,Frontlit,Window,Ladies,Ladies,
20,South,C,Mysore,61SFV2,43'',107'',Grey Back Self adhesive vinyl with matt lamination,,,,,2,Frontlit,Pillar,Home,Home,
21,South,C,Mysore,61SFV3,43'',107'',Grey Back Self adhesive vinyl with matt lamination,,,,,2,Frontlit,Pillar,Kids Boy,Kids,
22,South,C,Mysore,61SFW1,310'',127'',Grey Back Self adhesive vinyl with matt lamination,,,,,2,Frontlit,Window,Generic,Generic,
23,South,C,Mysore,61FFSW1,259'',122'',,,,,,,,,,,
24,South,C,Mysore,61SFW2,352'',110'',Grey Back Self adhesive vinyl with matt lamination,,,,,2,Frontlit,Window,Generic,Generic,
25,South,C,Mysore,61SFW3,160'',112'',ESML,,,,,2,Frontlit,Window,Kids,Generic,
26,South,C,Mysore,61SWFL1,318'',112'',ESML,,,,,2,Frontlit,Stairway,Kids,Kids,
27,South,C,Mysore,61SWFL2,338'',112'',,,,,,,,,,,
28,South,C,Mysore,61SFSV1,33'',61'',Grey Back Self adhesive vinyl with matt lamination,8.25,,,,2,Frontlit,Sensomatic,Kids,Kids,
29,South,C,Mysore,61SFBL1,49'',85'',Backlit Fabric with Silion Strips,,,,,2,Backlit,Façade,Kids,Kids,
30,South,C,Mysore,61SFBL2,49'',85'',Backlit Fabric with Silion Strips,,,,,2,Backlit,Façade,Home,Home,
,,,,,,,,,,,,,,,,,
1,South,C,Vizag,99GFV5,31'',115'',Backlit Fabric with Silicon Strip,,,,,0,Backlit,Pillar,Ladies Western,Ladies,
2,South,C,Vizag,99FB1,68'',97'',Backlit Fabric with Silicon Strip,,,,,1,Backlit,Façade,Generic,Generic,
3,South,C,Vizag,99FB2,56'',68'',Backlit Fabric with Silicon Strip,,,,,1,Backlit,Façade,Generic,Generic,
4,South,C,Vizag,99FB3,56'',68'',Backlit Fabric with Silicon Strip,,,,,1,Backlit,Façade,Generic,Generic,
5,South,C,Vizag,99FB4,56'',68'',Backlit Fabric with Silicon Strip,,,,,1,Backlit,Façade,Generic,Generic,
6,South,C,Vizag,99SFV1,25'',104'',Backlit Fabric with Silicon Strip,,,,,2,Backlit,Pillar,Mens Athleisure,Mens,
7,South,C,Vizag,99SFV2,25'',104'',Backlit Fabric with Silicon Strip,,,,,2,Backlit,Pillar,Mens Denim,Mens,
8,South,C,Vizag,99SFV3,49'',104'',Backlit Fabric with Silicon Strip,,,,,2,Backlit,Pillar,Mens Denim,Mens,
9,South,C,Vizag,99SFV4,49'',104'',Backlit Fabric with Silicon Strip,,,,,2,Backlit,Pillar,Mens Denim,Mens,
10,South,C,Vizag,99SFV5,25'',104'',Backlit Fabric with Silicon Strip,,,,,2,Frontlit,Pillar,Mens Denim,Mens,
11,South,C,Vizag,99SFV6,49'',104'',Backlit Fabric with Silicon Strip,,,,,2,Backlit,Pillar,Mens Denim,Mens,
12,South,C,Vizag,99SFV7,49'',104'',Backlit Fabric with Silicon Strip,,,,,2,Backlit,Pillar,Mens Denim,Mens,
13,South,C,Vizag,99SFV8,49'',104'',Backlit Fabric with Silicon Strip,,,,,2,Backlit,Pillar,Mens Denim,Mens,
14,South,C,Vizag,99SFV9,49'',104'',Backlit Fabric with Silicon Strip,,,,,2,Backlit,Pillar,Mens Denim,Mens,
15,South,C,Vizag,99SFV10,49'',104'',Backlit Fabric with Silicon Strip,,,,,2,Backlit,Pillar,Mens Denim,Mens,
16,South,C,Vizag,99TFV1,49'',104'',Backlit Fabric with Silicon Strip,,,,,3,Backlit,Pillar,Luggage,Luggage,
17,South,C,Vizag,99SFCC1,148'',60'',Backlit Fabric with Silicon Strip,,,,,2,Backlit,Cash Counter,Mens Denim,Mens,
18,South,C,Vizag,99TFV2,24'',103'',Backlit Fabric with Silicon Strip,,,,,3,Backlit,Pillar,Mens Formal,Mens,
19,South,C,Vizag,99TFV3,25'',104'',Backlit Fabric with Silicon Strip,,,,,3,Backlit,Pillar,Kids,Kids,
20,South,C,Vizag,99TFCC1,116'',53'',Backlit Fabric with Silicon Strip,,,,,3,Backlit,Cash Counter,Mens Formal,Generic,
21,South,C,Vizag,99GFSV1,15'',56'',Translite Flim,,,,,0,Frontlit,Sensomatic,Generic,Generic,
22,South,C,Vizag,99TFV4,25'',96'',Backlit Fabric with Silicon Strip,,,,,3,Backlit,Pillar,Ugs,Mens,
23,South,C,Vizag,99DS01,,,MP4/JPEG,,,,,0,Digital,Store Entrance,Generic,Generic,
24,South,C,Vizag,99FB4,56'',68'',Backlit Fabric with Silicon Strip,,,,,1,Backlit,Façade,Generic,Generic,
25,South,C,Vizag,99FFV1,25'',104'',Backlit Fabric with Silicon Strip,,,,,1,Backlit,Pillar,Lingerie,Ladies,
26,South,C,Vizag,99FFV2,49'',104'',Backlit Fabric with Silicon Strip,,,,,1,Backlit,Pillar,Home,Home,
27,South,C,Vizag,99FFV3,49'',104'',Backlit Fabric with Silicon Strip,,,,,1,Backlit,Pillar,Ladies Western,Ladies,
28,South,C,Vizag,99FFV4,25'',104'',Backlit Fabric with Silicon Strip,,,,,1,Backlit,Pillar,Indian Wear,Ladies,
29,South,C,Vizag,99GFCC1,123'',60'',Backlit Fabric with Silicon Strip,,,,,0,Backlit,Cash Counter,Ladies Western,Ladies,
30,South,C,Vizag,99GFV1,55'',117'',Backlit Fabric with Silicon Strip,,,,,0,Backlit,Pillar,Watches,Non-apps,
31,South,C,Vizag,99GFV2,59'',116'',Backlit Fabric with Silicon Strip,,,,,0,Backlit,Pillar,Sunglass,Non-apps,
32,South,C,Vizag,99GFV3,34'',116'',Backlit Fabric with Silicon Strip,,,,,0,Backlit,Pillar,Ladies Western,Ladies,
33,South,C,Vizag,99GFV4,59'',115'',Backlit Fabric with Silicon Strip,,,,,0,Backlit,Pillar,Ladies Western,Ladies,
34,South,C,Vizag,99GFSV2,16'',56'',Translite Flim,,8,,,-1,Frontlit,Sensomatic,Non-apps,Non-apps,
,,,,,,,,,,,,,,,,,
1,South,C,Vijayawada,58GFFL1,43'',96'',Eco Solvent Self adhesive vinyl with matt lamination,,,,,0,Frontlit,Pillar,Beauty,Beauty,
2,South,C,Vijayawada,58GFFL2,43'',96'',Eco Solvent Self adhesive vinyl with matt lamination,,,,,,,,,,
3,South,C,Vijayawada,58GFFL2BC,,,,,,,,,,,,,
4,South,C,Vijayawada,58GFFL3AB,,,,,,,,,,,,,
5,South,C,Vijayawada,58GFFL3BC,,,,,,,,,,,,,
6,South,C,Vijayawada,58GFFL4,"43.5""","104.5""",Grey Back Self adhesive vinyl with matt lamination,,,,,0,Frontlit,Pillar,Watches,Non-apps,
7,South,C,Vijayawada,58GFFL5,"43.5""","104.5""",Grey Back Self adhesive vinyl with matt lamination,,,,,0,Frontlit,Pillar,Beauty,Beauty,
8,South,C,Vijayawada,58GFFL6,"43.5""","43.5""",Grey Back Self adhesive vinyl with matt lamination,,,,,0,Frontlit,Pillar,Beauty,Beauty,
9,South,C,Vijayawada,58GFFL7,75'',114'',Grey Back Self adhesive vinyl with matt lamination,,,,,0,Frontlit,Pillar,Watches,Non-apps,
10,South,C,Vijayawada,58GFFL8,38'',96'',Eco Solvent Self adhesive vinyl with matt lamination,,,,,0,Frontlit,Pillar,Watches,Non-apps,
11,South,C,Vijayawada,58GFFL9,"43.5""","104.5""",Eco Solvent Self adhesive vinyl with matt lamination,,,,,0,Frontlit,Pillar,Ladies Western,Ladies,
12,South,C,Vijayawada,58GFFL10,"43.5""","104.5""",Grey Back Self adhesive vinyl with matt lamination,,,,,0,Frontlit,Pillar,Home,Home,
13,South,C,Vijayawada,58GFFL11,"43.5""","104.5""",Grey Back Self adhesive vinyl with matt lamination,,,,,0,Frontlit,Pillar,Indian Wear,Ladies,
14,South,C,Vijayawada,58GFFL13AB,,,,,,,,,,,,,
15,South,C,Vijayawada,58GFFL14A,43'',96'',Eco Solvent Self adhesive vinyl with matt lamination,,,,,0,Frontlit,Pillar,Women Athleisure,Ladies,
16,South,C,Vijayawada,58GFFL14B,43'',96'',Eco Solvent self adhesive vinyl with matt lamination,,,,,0,Frontlit,Pillar,Women Athleisure,Ladies,
17,South,C,Vijayawada,58GFFL15,39'',108'',Black Back Back Viny + matt lamination,,,,,0,Frontlit,Pillar,Sunglass,Non-apps,
18,South,C,Vijayawada,58GFFL16,73'',120'',Eco Solvent Self adhesive vinyl with matt lamination,,,,,0,Frontlit,Pillar,Indian Wear,Ladies,
19,South,C,Vijayawada,58GFFL17,66'',120'',Eco Solvent Self adhesive vinyl with matt lamination,,,,,0,Frontlit,Pillar,Indian Wear,Ladies,
20,South,C,Vijayawada,58FFFL1,43'',96'',Grey Back Self adhesive vinyl with matt lamination,,,,,1,Frontlit,Pillar,Mens Denim,Mens,
21,South,C,Vijayawada,58FFFL2,43'',96'',Eco Solvent Self adhesive vinyl with matt lamination,,,,,1,Frontlit,Pillar,Mens Denim,Mens,
22,South,C,Vijayawada,58FFFL3,43'',96'',Eco Solvent Self adhesive vinyl with matt lamination,,,,,1,Frontlit,Pillar,Mens Denim,Mens,
23,South,C,Vijayawada,58FFFL4,43'',96'',Eco Solvent Self adhesive vinyl with matt lamination,,,,,1,Frontlit,Pillar,Mens Denim,Mens,
24,South,C,Vijayawada,58FFFL5,43'',97'',Eco Solvent Self adhesive vinyl with matt lamination,,,,,1,Frontlit,Pillar,Home,Home,
25,South,C,Vijayawada,58FFFL6,43'',96'',Eco Solvent Self adhesive vinyl with matt lamination,,,,,1,Frontlit,Pillar,Mens Formal,Mens,
26,South,C,Vijayawada,58FFFL7,43'',96'',Eco Solvent Self adhesive vinyl with matt lamination,,,,,1,Frontlit,Pillar,Kids girl,Kids,
27,South,C,Vijayawada,58FFFL8,43'',97'',Eco Solvent Self adhesive vinyl with matt lamination,,,,,1,Frontlit,Pillar,Mens Formal,Mens,
28,South,C,Vijayawada,58FFFL9AB,,,,,,,,,,,,,
29,South,C,Vijayawada,58FFFL10,43'',96'',Eco Solvent Self adhesive vinyl with matt lamination,,,,,1,Frontlit,Pillar,Ugs,Mens,
30,South,C,Vijayawada,58FFFL11,43'',96'',Eco Solvent Self adhesive vinyl with matt lamination,,,,,1,Frontlit,Pillar,Ugs,Mens,
31,South,C,Vijayawada,58FFFL13,36'',96'',Eco Solvent self adhesive vinyl with matt lamination,,,,,1,Frontlit,Pillar,Kids girl,Kids,
32,South,C,Vijayawada,58FFCC1,8',6',Backlit Fabric with Silicon Strip,,,,,1,Backlit,Cash Counter,Mens Denim,Mens,
33,South,C,Vijayawada,58FFCC2,8',6',Backlit Fabric with Silicon Strip,,,,,1,Backlit,Cash Counter,Ladies Western,Ladies,
34,South,C,Vijayawada,58GFSV1,31'',62'',Grey Back Self adhesive vinyl with matt lamination,"5.2""",2,,,0,Frontlit,Sensomatic,Fragrance,Beauty,
35,South,C,Vijayawada,58GFW1,130'',119'',Grey Back Self adhesive vinyl with matt lamination,,,,,0,Frontlit,Window,Non-apps,Non-apps,
36,South,C,Vijayawada,58SWFL1,179'',89'',Eco Solvent Self adhesive vinyl with matt lamination,,,,,0,Frontlit,Stairway,Ladies Western,Ladies,
37,South,C,Vijayawada,58SWFL1,180'',90'',Grey Back Self adhesive vinyl with matt lamination,,,,,0,Frontlit,Stairway,Ladies Western,Ladies,
38,South,C,Vijayawada,58SWFL2,13',9',Grey Back Self adhesive vinyl with matt lamination,,,,,0,Frontlit,Stairway,Non-apps,Non-apps,
39,South,C,Vijayawada,58SWFL3,50'',85'',Grey Back Self adhesive vinyl with matt lamination,,,,,1,Frontlit,Stairway,Mens,Mens,
40,South,C,Vijayawada,58SWFL4,49'',85'',Eco Solvent Self adhesive vinyl with matt lamination,,,,,1,Frontlit,Stairway,Mens,Mens,
41,South,C,Vijayawada,58GFFL2A,43'',96'',Grey Back Self adhesive vinyl with matt lamination,,,,,0,Frontlit,Pillar,Sunglass,Non-apps,
42,South,C,Vijayawada,58GFFL3,43'',96'',Grey Back Self adhesive vinyl with matt lamination,,,,,0,Frontlit,Pillar,Sunglass,Non-apps,
43,South,C,Vijayawada,58GFFL12,43'',96'',Grey Back Self adhesive vinyl with matt lamination,,,,,0,Frontlit,Pillar,Indian Wear,Ladies,
44,South,C,Vijayawada,58GFFL13,43'',96'',Grey Back Self adhesive vinyl with matt lamination,,,,,0,Frontlit,Pillar,Lingerie,Ladies,
45,South,C,Vijayawada,58GFFL18,Actuals,Actuals,Grey Back Self adhesive vinyl with matt lamination,,,,,0,Frontlit,Pillar,Indian Wear,Ladies,
46,South,C,Vijayawada,58FFFL9,43'',96'',Grey Back Self adhesive vinyl with matt lamination,,,,,1,Frontlit,Pillar,Mens Formal,Mens,
47,South,C,Vijayawada,58FFFL12,38'',96'',Grey Back Self adhesive vinyl with matt lamination,,,,,1,Frontlit,Pillar,Mens Denim,Mens,
,,,,,,,,,,,,,,,,,
1,South,A,GVK,22GFV1,"24""",102'',Backlit Fabric with Silion Strips,,,,,0,Backlit,Pillar,Beauty,Beauty,
2,South,A,GVK,22GFDS01,20'',28'',MP4/JPEG,,,,,0,Digital,Store Entrance,Generic,Generic,
3,South,A,GVK,22GFDS02,83'',35'',MP4/JPEG,,,,,0,Digital,Cash Counter,Generic,Generic,
4,South,A,GVK,22GFV3,24'',102'',Backlit Fabric with Silion Strips,,,,,0,Backlit,Pillar,Beauty,Beauty,
5,South,A,GVK,22GFV5,24'',102'',Backlit Fabric with Silion Strips,,,,,0,Backlit,Pillar,Ladies Western,Ladies,
6,South,A,GVK,22GFV6,24'',102'',Backlit Fabric with Silion Strips,,,,,0,Backlit,Pillar,Ladies Western,Ladies,
7,South,A,GVK,22FFV1,24'',102'',Backlit Fabric with Silion Strips,,,,,1,Backlit,Pillar,Indian Wear,Ladies,
8,South,A,GVK,22FFV2,24'',102'',Backlit Fabric with Silion Strips,,,,,1,Backlit,Pillar,Indian Wear,Ladies,
9,South,A,GVK,22FFV3,75'',105'',Backlit Fabric with Silion Strips,,,,,1,Backlit,Pillar,Lingerie,Ladies,
10,South,A,GVK,22FFV4,90'',35'',Backlit Fabric with Silion Strips,,,,,1,Backlit,Pillar,Lingerie,Ladies,
11,South,A,GVK,22FFV5,24'',102'',Backlit Fabric with Silion Strips,,,,,1,Backlit,Pillar,Handbags,Leather,
12,South,A,GVK,22FFV6,24'',102'',Backlit Fabric with Silion Strips,,,,,1,Backlit,Pillar,Kids Infant,Kids,
13,South,A,GVK,22FFV7,24'',102'',Backlit Fabric with Silion Strips,,,,,1,Backlit,Pillar,Handbags,Leather,
14,South,A,GVK,22FFV8,24'',102'',Backlit Fabric with Silion Strips,,,,,1,Backlit,Pillar,Indian Wear,Ladies,
15,South,A,GVK,22FFV9,24'',102'',Backlit Fabric with Silion Strips,,,,,1,Backlit,Pillar,Kids Boy,Kids,
16,South,A,GVK,22FFV10,24'',102'',Backlit Fabric with Silion Strips,,,,,1,Backlit,Pillar,Kids girl,Kids,
17,South,A,GVK,22FFV11,83'',102'',Backlit Fabric with Silion Strips,,,,,1,Backlit,Pillar,Indian Wear,Ladies,
18,South,A,GVK,22SFV2,24'',102'',Backlit Fabric with Silion Strips,,,,,2,Backlit,Pillar,Mens Denim,Mens,
19,South,A,GVK,22SFV4,24'',102'',Backlit Fabric with Silion Strips,,,,,2,Backlit,Pillar,Mens Athleisure,Mens,
20,South,A,GVK,22SFV5,36'',103'',Backlit Fabric with Silion Strips,,,,,2,Backlit,Pillar,Mens Ethnic,Mens,
21,South,A,GVK,22SFV8,24'',102'',Backlit Fabric with Silion Strips,,,,,2,Backlit,Pillar,Mens Formal,Mens,
22,South,A,GVK,22SFV10,24'',102'',Backlit Fabric with Silion Strips,,,,,2,Backlit,Pillar,Mens Denim,Mens,
23,South,A,GVK,22SFV12,24'',102'',Backlit Fabric with Silion Strips,,,,,2,Backlit,Pillar,Mens Formal,Mens,
24,South,A,GVK,22FFCC1,188'',55'',Backlit Fabric with Silion Strips,,,,,1,Backlit,Cash Counter,Indian Wear,Ladies,
25,South,A,GVK,22GFDS02,83'',35'',MP4/JPEG,,,,,0,Digital,Cash Counter,Generic,Generic,
26,South,A,GVK,22GFSV1,"13.5""","55.5""",Qty-8,,,,,0,Frontlit,Sensomatic,Fragrance,Beauty,
27,South,A,GVK,22GFV2,102'',40'',Backlit Fabric with Silion Strips,,,,,0,Backlit,Pillar,Fragrance,Beauty,
28,South,A,GVK,22GFV3,24'',102'',Backlit Fabric with Silion Strips,,,,,0,Backlit,Pillar,Ladies Western,Ladies,
29,South,A,GVK,22GFV4,56'',102'',Backlit Fabric with Silion Strips,,,,,0,Backlit,Pillar,Ladies Western,Ladies,
30,South,A,GVK,22GFV5,24'',102'',Backlit Fabric with Silion Strips,,,,,0,Backlit,Pillar,Ladies Western,Ladies,
31,South,A,GVK,22GFV6,24'',102'',Backlit Fabric with Silion Strips,,,,,0,Backlit,Pillar,Ladies Western,Ladies,
32,South,A,GVK,22GFV7,24'',102'',Backlit Fabric with Silion Strips,,,,,0,Backlit,Pillar,Sunglass,Non-apps,
33,South,A,GVK,22GFV8,24'',102'',Backlit Fabric with Silion Strips,,,,,0,Backlit,Pillar,Watches,Non-apps,
34,South,A,GVK,22GFV9,24'',102'',Backlit Fabric with Silion Strips,,,,,0,Backlit,Pillar,Watches,Non-apps,
35,South,A,GVK,22GFV10,75'',104'',Backlit Fabric with Silion Strips,,,,,0,Backlit,Pillar,Fragrance,Beauty,
36,South,A,GVK,22SFCC1,80'',327'',Backlit Fabric with Silion Strips,,,,,2,Backlit,Cash Counter,Mens,Mens,
37,South,A,GVK,22SFW1,127'',94'',Backlit Fabric with Silion Strips,,,,,2,Backlit,Window,Mens,Mens,
38,South,A,GVK,22SFV13,59'',103'',Backlit Fabric with Silion Strips,,,,,2,Backlit,Pillar,Mens,Mens,
39,South,A,GVK,22SFV11,24'',102'',Backlit Fabric with Silion Strips,,,,,2,Backlit,Pillar,Mens,Mens,
40,South,A,GVK,22SFV9,24'',102'',Backlit Fabric with Silion Strips,,,,,2,Backlit,Pillar,Mens Denim,Mens,
41,South,A,GVK,22SFV7,69'',103'',Backlit Fabric with Silicon Strip,,,,,2,Backlit,Pillar,Mens Footwear,Leather,
42,South,A,GVK,22SFV6,40'',102'',Backlit Fabric with Silion Strips,,,,,2,Backlit,Pillar,Mens Formal,Mens,
43,South,A,GVK,22SFV3,24'',102'',Backlit Fabric with Silion Strips,,,,,2,Backlit,Pillar,Mens Denim,Mens,
44,South,A,GVK,22SFV1,24'',102'',Backlit Fabric with Silion Strips,,,,,2,Backlit,Pillar,Mens Denim,Mens,
45,South,A,GVK,22GFBL1,63'',105'',Backlit Fabric with Silion Strips,,,,,0,Backlit,Façade,Non-apps,Non-apps,
46,South,A,GVK,22FFDS01, 320 px x 704 px ,"704""",MP4/JPEG,,,,,1,Digital,Store Entrance,Generic,Generic,
47,South,A,GVK,22FFSV1,17'',48'',Translite Flim,,4panel/8visual,,,1,Frontlit,Sensomatic,Indian Wear,Ladies,
48,South,A,GVK,22SFSV1,17'',48'',Translite Flim,,4panel/8visual,,,2,Frontlit,Sensomatic,Mens,Mens,
,,,,,,,,,,,,,,,,,
1,South,B,Malleswaram,43GFFL12,43'',107'',Backlit Fabric with Silicon Strip,,,,,0,Backlit,Pillar,Ladies Western,Ladies,
2,South,B,Malleswaram,43GFFL18,42'',102'',Backlit Fabric with Silicon Strip,,,,,0,Backlit,Pillar,Indian Wear,Ladies,
3,South,B,Malleswaram,43GFFL19,42'',102'',Backlit Fabric with Silicon Strip,,,,,0,Backlit,Pillar,Indian Wear,Ladies,
4,South,B,Malleswaram,43GFFL20,42'',102'',Backlit Fabric with Silicon Strip,,,,,0,Backlit,Pillar,Indian Wear,Ladies,
5,South,B,Malleswaram,43GFFL21,42'',102'',Backlit Fabric with Silicon Strip,,,,,0,Backlit,Pillar,Indian Wear,Ladies,
6,South,B,Malleswaram,43ESC2,48'',74'',Backlit Fabric with Silicon Strip,,,,,0,Backlit,Stairway,Ladies,Ladies,
7,South,B,Malleswaram,43FFFL4,41'',107'',Backlit Fabric with Silicon Strip,,,,,1,Backlit,Pillar,Mens Denim,Mens,
8,South,B,Malleswaram,43FFFL5,41'',107'',Backlit Fabric with Silicon Strip,,,,,1,Backlit,Pillar,Mens Denim,Mens,
9,South,B,Malleswaram,43FFFL7,41'',107'',Backlit Fabric with Silicon Strip,,,,,1,Backlit,Pillar,Kids girl,Kids,
10,South,B,Malleswaram,43FFFL8,60'',97'',Backlit Fabric with Silicon Strip,,,,,1,Backlit,Pillar,Mens Denim,Mens,
12,South,B,Malleswaram,43FFBL1,83'',104'',Backlit Fabric with Silicon Strip,,,,,1,Backlit,Pillar,Mens,Mens,
13,South,B,Malleswaram,43FFCC1,218'',74'',Backlit Fabric with Silicon Strip,,,,,1,Backlit,Cash Counter,Mens,Mens,
14,South,B,Malleswaram,43FFFL1,36'',80'',Grey Back Self adhesive vinyl with matt lamination,,,,,1,Frontlit,Pillar,Mens Formal,Mens,
15,South,B,Malleswaram,43FFFL2,36'',80'',Grey Back Self adhesive vinyl with matt lamination,,,,,1,Frontlit,Pillar,Mens Formal,Mens,
16,South,B,Malleswaram,43FFFL3,36'',80'',Grey Back Self adhesive vinyl with matt lamination,,,,,1,Frontlit,Pillar,Mens Denim,Mens,
17,South,B,Malleswaram,43FFFL4,41'',108'',Backlit Fabric with Silicon Strip,,,,,1,Backlit,Pillar,Mens Denim,Mens,
18,South,B,Malleswaram,43FFFL5,41'',108'',Backlit Fabric with Silicon Strip,,,,,1,Backlit,Pillar,Mens Denim,Mens,
19,South,B,Malleswaram,43FFFL6,41'',107'',Backlit Fabric with Silicon Strip,,,,,1,Backlit,Pillar,Kids Boy,Kids,
20,South,B,Malleswaram,43FFFL7,41'',107'',Backlit Fabric with Silicon Strip,,,,,1,Backlit,Pillar,Kids girl,Kids,
21,South,B,Malleswaram,43FFFL8,60'',97'',Backlit Fabric with Silicon Strip,,,,,1,Backlit,Pillar,Mens Denim,Mens,
22,South,B,Malleswaram,43GFFL1,46'',145'',Backlit Fabric with Silion Strips,,,,,0,Backlit,Pillar,Fragrance,Beauty,
23,South,B,Malleswaram,43GFFL2,46'',145'',Backlit Fabric with Silion Strips,,,,,0,Backlit,Pillar,Fragrance,Beauty,
24,South,B,Malleswaram,43GFFL3,42'',145'',Backlit Fabric with Silion Strips,,,,,0,Backlit,Pillar,Fragrance,Beauty,
25,South,B,Malleswaram,43GFFL4,41'',145'',Backlit Fabric with Silion Strips,,,,,0,Backlit,Pillar,Fragrance,Beauty,
26,South,B,Malleswaram,43GFFL5,26'',83'',Grey Back Self adhesive vinyl with matt lamination,,,,,0,Frontlit,Pillar,Ladies Western,Ladies,
27,South,B,Malleswaram,43GFFL6,44'',104'',Backlit Fabric with Silion Strips,,,,,0,Backlit,Pillar,Indian Wear,Ladies,
28,South,B,Malleswaram,43GFFL7,44'',104'',Backlit Fabric with Silion Strips,,,,,0,Backlit,Pillar,Lingerie,Ladies,
29,South,B,Malleswaram,43GFFL8,41'',124'',Backlit Fabric with Silion Strips,,,,,0,Backlit,Pillar,Fragrance,Beauty,
30,South,B,Malleswaram,43GFFL9,46'',124'',Backlit Fabric with Silion Strips,,,,,0,Backlit,Pillar,Fragrance,Beauty,
31,South,B,Malleswaram,43GFFL10,41'',124'',Backlit Fabric with Silion Strips,,,,,0,Backlit,Pillar,Fragrance,Beauty,
32,South,B,Malleswaram,43GFFL11,41'',124'',Backlit Fabric with Silion Strips,,,,,0,Backlit,Pillar,Fragrance,Beauty,
33,South,B,Malleswaram,43GFFL13,46'',110'',Backlit Fabric with Silion Strips,,,,,0,Backlit,Pillar,Beauty,Beauty,
34,South,B,Malleswaram,43GFFL14,46'',110'',Backlit Fabric with Silion Strips,,,,,0,Backlit,Pillar,Beauty,Beauty,
35,South,B,Malleswaram,43GFFL15,58'',110'',Backlit Fabric with Silion Strips,,,,,0,Backlit,Pillar,Beauty,Beauty,
36,South,B,Malleswaram,43GFFL16,58'',110'',Backlit Fabric with Silion Strips,,,,,0,Backlit,Pillar,Beauty,Beauty,
37,South,B,Malleswaram,43GFFL17,112'',113'',Backlit Fabric with Silion Strips,,,,,0,Backlit,Pillar,Sunglass,Non-apps,
38,South,B,Malleswaram,43GFMW1,190'',101'',Backlit Fabric with Silion Strips,,,,,0,Backlit,Window,Fragrance,Beauty,
39,South,B,Malleswaram,43GFMW2,62'',101'',Backlit Fabric with Silion Strips,,,,,0,Backlit,Window,Non-apps,Non-apps,
40,South,B,Malleswaram,43ESC1,48'',74'',Backlit Fabric with Silion Strips,,,,,0,Backlit,Stairway,Ladies,Ladies,
41,South,B,Malleswaram,43GFSV1,13'',55'',Translite Flim,,10 visuals,,,0,Frontlit,Sensomatic,Watches,Non-apps,
42,South,B,Malleswaram,43GFSV2,13'',55'',Translite Flim,,6 visuals,,,0,Frontlit,Sensomatic,Beauty,Beauty,
43,South,B,Malleswaram,43GFCC1,Actuals,Actuals,Backlit Fabric with Silion Strips,,,,,0,Backlit,Cash Counter,Non-apps,Non-apps,
44,South,B,Malleswaram,43DS01, 384 pixels x 1216 pixels,,MP4/JPEG,,,,,0,Digital,Store Entrance,Generic,Generic,
45,South,B,Malleswaram,43DS02,1920 pixels x 1680 pixels,,MP4/JPEG,,,,,0,Digital,Store Entrance,Generic,Generic,
46,South,B,Malleswaram,43FFSV1,13'',55'',Translite Flim,,8 visuals,,,1,Frontlit,Sensomatic,Mens,Mens,
47,South,B,Malleswaram,43FFSV2,13'',55'',Translite Flim,,8 visuals,,,1,Frontlit,Sensomatic,Kids,Generic,
,,,,,,,,,,,,,,,,,
1,South,C,Panjagutta,269GFV1,46'',126'',Eco Solvent Self adhesive vinyl with matt lamination,,,,,0,Frontlit,Pillar,Indian Wear,Ladies,
2,South,C,Panjagutta,269GFV2,44'',132'',Backlit Fabric with Silion Strips,,,,,0,Frontlit,Pillar,Lingerie,Ladies,
3,South,C,Panjagutta,269GFV3,44'',132'',Backlit Fabric with Silion Strips,,,,,0,Frontlit,Pillar,Lingerie,Ladies,
4,South,C,Panjagutta,269GFV4,46'',125'',Eco Solvent Self adhesive vinyl with matt lamination,,,,,0,Frontlit,Pillar,Indian Wear,Ladies,
5,South,C,Panjagutta,269FFV1,33'',118'',Eco Solvent Self adhesive vinyl with matt lamination,,,,,1,Frontlit,Pillar,Ladies Western,Ladies,
6,South,C,Panjagutta,269FFV2,38'',118'',Grey Back Self adhesive vinyl with matt lamination,,,,,1,Frontlit,Pillar,Ladies Western,Ladies,
7,South,C,Panjagutta,269FFV3,38'',118'',Grey Back Self adhesive vinyl with matt lamination,,,,,1,Frontlit,Pillar,Ladies Western,Ladies,
8,South,C,Panjagutta,269FFV4,38'',118'',Grey Back Self adhesive vinyl with matt lamination,,,,,1,Frontlit,Pillar,Luggage,Luggage,
9,South,C,Panjagutta,269FFV5,38'',118'',Grey Back Self adhesive vinyl with matt lamination,,,,,1,Frontlit,Pillar,Luggage,Luggage,
10,South,C,Panjagutta,269SFSV1,20'',55'',Grey Back Self adhesive vinyl with matt lamination,5,4,,,2,Frontlit,Sensomatic,Mens,Mens,
11,South,C,Panjagutta,269SFV1,28'',107'',Grey Back Self adhesive vinyl with matt lamination,,2 visuals,,,2,Frontlit,Pillar,Mens Denim,Mens,
12,South,C,Panjagutta,269SFV2 A,32'',107'',Eco Solvent Self adhesive vinyl with matt lamination,,,,,,,,,,
13,South,C,Panjagutta,269SFV4A,26'',107'',Eco Solvent Self adhesive vinyl with matt lamination,,,,,2,Frontlit,Pillar,Mens Formal,Mens,
14,South,C,Panjagutta,269SFV4B,26'',107'',Eco Solvent self adhesive vinyl with matt lamination,,,,,2,Frontlit,Pillar,Mens Denim,Mens,
15,South,C,Panjagutta,269SFV9,32'',107'',Eco Solvent Self adhesive vinyl with matt lamination,,,,,2,Frontlit,Pillar,Mens Athleisure,Mens,
16,South,C,Panjagutta,269GFSV1,20'',55'',Grey Back Self adhesive vinyl with matt lamination,5,4,,,0,Frontlit,Sensomatic,Fragrance,Beauty,
17,South,C,Panjagutta,269SFV3AB,,,,,,,,,,,,,
18,South,C,Panjagutta,269SFV6,28'',107'',Eco Solvent self adhesive vinyl with matt lamination,,,,,2,Frontlit,Pillar,Mens Formal,Mens,
19,South,C,Panjagutta,269SFV7,32'',107'',"32"" x 107"" (2 Visuals)",,,,,2,Frontlit,Pillar,Mens Formal,Mens,
20,South,C,Panjagutta,269SFV8AB,32'',107'',,,,,,,,,,,
21,South,C,Panjagutta,269GFV5,Actual,,MP4/JPEG,,,,,0,Digital,Store Entrance,Watches,Non-apps,
22,South,C,Panjagutta,269GFDS1, 192 pixels x 768 pixels ,,MP4/JPEG,,,,,0,Digital,Store Entrance,Generic,Generic,
23,South,C,Panjagutta,269FFV6,47'',120'',Grey Back Self adhesive vinyl with matt lamination,,,,,1,Frontlit,Pillar,Kids,Kids,
24,South,C,Panjagutta,269FFSV1,20'',55'',Grey Back Self adhesive vinyl with matt lamination,5,4,,,1,Frontlit,Sensomatic,Ladies Western,Ladies,
25,South,C,Panjagutta,269FFDS1,192 pixels x 768 pixels ,,MP4/JPEG,,,,,1,Digital,Store Entrance,Generic,Generic,
26,South,C,Panjagutta,269SFV2,32'',107'',Grey Back Self adhesive vinyl with matt lamination,,2 visuals,,,2,Frontlit,Pillar,Mens Denim,Mens,
27,South,C,Panjagutta,269SFV3A,32'',107'',Grey Back Self adhesive vinyl with matt lamination,,,,,2,Frontlit,Pillar,Mens Denim,Mens,
28,South,C,Panjagutta,269SFV3B,32'',107'',Grey Back Self adhesive vinyl with matt lamination,,,,,2,Frontlit,Pillar,Mens Denim,Mens,
29,South,C,Panjagutta,269SFV8,32'',107'',Grey Back Self adhesive vinyl with matt lamination,,2 visuals,,,2,Frontlit,Pillar,Mens Formal,Mens,
30,South,C,Panjagutta,269SFV10,32'',93'',Backlit Fabric with Silion Strips,,,,,2,Backlit,Pillar,Mens Formal,Mens,
31,South,C,Panjagutta,269SFDS1,192 pixels W x 768 pixels ,,MP4/JPEG,,,,,2,Digital,Store Entrance,Generic,Generic,
,,,,,,,,,,,,,,,,,
1,South,C,Hyd 1,3FFFL1,27'',79'',Eco Solvent Self adhesive vinyl with matt lamination,,,,,1,Frontlit,Pillar,Ladies Western,Ladies,
2,South,C,Hyd 1,3FFFL2,27'',79'',Eco Solvent Self adhesive vinyl with matt lamination,,,,,1,Frontlit,Pillar,Ladies Western,Ladies,
3,South,C,Hyd 1,3FFFL3b,27'',79'',Eco Solvent Self adhesive vinyl with matt lamination,,,,,1,Frontlit,Pillar,Lingerie,Ladies,
4,South,C,Hyd 1,3FFFL4 (2 Visuals),27'',79'',Eco Solvent Self adhesive vinyl with matt lamination,,,,,1,Frontlit,Pillar,Indian Wear,Ladies,
5,South,C,Hyd 1,3TFFL2,23'',96'',Eco Solvent Self adhesive vinyl with matt lamination,,,,,3,Frontlit,Pillar,Mens Denim,Mens,
6,South,C,Hyd 1,3FTFL2,22'',82'',Eco Solvent Self adhesive vinyl with matt lamination,,,,,4,Frontlit,Pillar,Mens Formal,Mens,
7,South,C,Hyd 1,3FTFL4,22'',82'',Eco Solvent Self adhesive vinyl with matt lamination,,,,,4,Frontlit,Pillar,Mens Formal,Mens,
8,South,C,Hyd 1,3GFFL1,24'',95'',Grey Back Self adhesive vinyl with matt lamination,,,,,0,Frontlit,Pillar,Fragrance,Beauty,
9,South,C,Hyd 1,3GFFL2,24'',95'',Grey Back Self adhesive vinyl with matt lamination,,,,,0,Frontlit,Pillar,Watches,Non-apps,
10,South,C,Hyd 1,3GFFL3,24'',95'',Grey Back Self adhesive vinyl with matt lamination,,,,,0,Frontlit,Pillar,Fragrance,Beauty,
11,South,C,Hyd 1,3GFFL4 (2 Visuals),24'',95'',Grey Back Self adhesive vinyl with matt lamination,,,,,0,Frontlit,Pillar,Watches,Non-apps,
12,South,C,Hyd 1,3GFFL5A,24'',95'',Grey Back Self adhesive vinyl with matt lamination,,,,,0,Frontlit,Pillar,Beauty,Beauty,
13,South,C,Hyd 1,3GFFL5B,Actual,Actual,Grey Back Self adhesive vinyl with matt lamination,,,,,0,Frontlit,Pillar,Beauty,Beauty,
14,South,C,Hyd 1,3GFFL6A,24'',95'',Grey Back Self adhesive vinyl with matt lamination,,,,,0,Frontlit,Pillar,Handbags,Leather,
15,South,C,Hyd 1,3GFFL6B,24'',95'',Grey Back Self adhesive vinyl with matt lamination,,,,,0,Frontlit,Pillar,Handbags,Leather,
16,South,C,Hyd 1,3GFFL7 (2 Visuals),24'',95'',Grey Back Self adhesive vinyl with matt lamination,,,,,0,Frontlit,Pillar,Handbags,Leather,
17,South,C,Hyd 1,3GFFL8A,24'',95'',Grey Back Self adhesive vinyl with matt lamination,,,,,0,Frontlit,Pillar,Ladies Footwear,Leather,
18,South,C,Hyd 1,3GFFL8B,Actual,Actual,Grey Back Self adhesive vinyl with matt lamination,,,,,0,Frontlit,Pillar,Ladies Footwear,Leather,
19,South,C,Hyd 1,3GFFL9,24'',95'',Grey Back Self adhesive vinyl with matt lamination,,,,,0,Frontlit,Pillar,Mens Footwear,Leather,
20,South,C,Hyd 1,3GFSV1,30'',59'',Grey Back Self adhesive vinyl with matt lamination,5,3,,,0,Frontlit,Sensomatic,Fragrance,Beauty,
21,South,C,Hyd 1,3FFFL3a,27'',79'',Grey Back Self adhesive vinyl with matt lamination,,,,,1,Frontlit,Pillar,Lingerie,Ladies,
22,South,C,Hyd 1,3SFFL2,21'',87'',Grey Back Self adhesive vinyl with matt lamination,,,,,2,Frontlit,Pillar,Kids Boy,Kids,
23,South,C,Hyd 1,3SFFL3,21'',87'',Grey Back Self adhesive vinyl with matt lamination,,,,,2,Frontlit,Pillar,Kids Boy,Kids,
24,South,C,Hyd 1,3TFFL1,21'',96'',Grey Back Self adhesive vinyl with matt lamination,,,,,3,Frontlit,Pillar,Mens Denim,Mens,
25,South,C,Hyd 1,3TFFL3,07'',08'',Grey Back Self adhesive vinyl with matt lamination,,,,,3,Frontlit,Pillar,Mens Denim,Mens,
26,South,C,Hyd 1,3FTFL1 (2 Visuals),22'',82'',Grey Back Self adhesive vinyl with matt lamination,,,,,4,Frontlit,Pillar,Mens Formal,Mens,
27,South,C,Hyd 1,3FTFL3A,22'',82'',Grey Back Self adhesive vinyl with matt lamination,,,,,4,Frontlit,Pillar,Ugs,Mens,
28,South,C,Hyd 1,3FTFL3B,Actual,Actual,Grey Back Self adhesive vinyl with matt lamination,,,,,4,Frontlit,Pillar,Ugs,Mens,
,,,,,,,,,,,,,,,,,
1,South,C,Chetpet,6FFV1,26'',87'',Eco Solvent self adhesive vinyl with matt lamination,,,,,1,Backlit,Pillar,Kids,Kids,
2,South,C,Chetpet,6FFV4,88'',91'',Eco Solvent self adhesive vinyl with matt lamination,,,,,1,Backlit,Pillar,Ladies Western,Ladies,
3,South,C,Chetpet,6FFV5,88'',85'',Eco Solvent self adhesive vinyl with matt lamination,,,,,1,Backlit,Pillar,Lingerie,Ladies,
4,South,C,Chetpet,6FFV7,22'',85'',Eco Solvent self adhesive vinyl with matt lamination,,,,,1,Backlit,Pillar,Ladies Western,Ladies,
5,South,C,Chetpet,6SFV3,43'',90'',Eco Solvent self adhesive vinyl with matt lamination,,,,,1,Backlit,Pillar,Kids,Kids,
6,South,C,Chetpet,6SFV7,22'',85'',Eco Solvent self adhesive vinyl with matt lamination,,,,,1,Backlit,Pillar,Ladies Western,Ladies,
7,South,C,Chetpet,6TFV3,54'',75'',Eco Solvent self adhesive vinyl with matt lamination,,,,,1,Backlit,Pillar,Kids,Kids,
8,South,C,Chetpet,6GFV1,30'',89'',Backlit Fabric with Silicon Strips,,,,,0,Backlit,Pillar,Beauty,Beauty,
9,South,C,Chetpet,6GFV2,33'',89'',Backlit Fabric with Silicon Strips,,,,,0,Backlit,Pillar,Watches,Non-Apps,
10,South,C,Chetpet,6GFV3,51'',89'',Backlit Fabric with Silicon Strips,,,,,0,Backlit,Pillar,Watches,Non-Apps,
11,South,C,Chetpet,6GFV4,30'',89'',Backlit Fabric with Silicon Strips,,,,,0,Backlit,Pillar,Sunglass,Non-Apps,
12,South,C,Chetpet,6GFV5,30'',89'',Backlit Fabric with Silicon Strips,,,,,0,Backlit,Pillar,Sunglass,Non-Apps,
13,South,C,Chetpet,6GFV6,24'',95'',Backlit Fabric with Silicon Strips,,,,,0,Backlit,Pillar,Indian Wear,Ladies,
14,South,C,Chetpet,6GFV7,24'',95'',Backlit Fabric with Silicon Strips,,,,,0,Backlit,Pillar,Indian Wear,Ladies,
15,South,C,Chetpet,6GFV8,30'',89'',Backlit Fabric with Silicon Strips,,,,,0,Backlit,Pillar,Beauty,Beauty,
16,South,C,Chetpet,6GFV9,30'',89'',Backlit Fabric with Silicon Strips,,,,,0,Backlit,Pillar,Beauty,Beauty,
17,South,C,Chetpet,6GFV10,40'',89'',Backlit Fabric with Silicon Strips,,,,,0,Backlit,Pillar,Indian Wear,Ladies,
18,South,C,Chetpet,6GFV11,24'',94'',Backlit Fabric with Silicon Strips,,,,,0,Backlit,Pillar,Indian Wear,Ladies,
19,South,C,Chetpet,6GFV12,30'',89'',Backlit Fabric with Silicon Strips,,,,,0,Backlit,Pillar,Fragrance,Beauty,
,South,C,Chetpet,6GFV13,30'',89'',Backlit Fabric with Silicon Strips,,,,,,,,,,
,South,C,Chetpet,6GFV15,51'',89'',Backlit Fabric with Silicon Strips,,,,,,,,,,
20,South,C,Chetpet,6GFFB1,18'',116'',Backlit Fabric with Silicon Strips,,,,,0,Backlit,Facade,Generic,Generic,
21,South,C,Chetpet,6GFFB2,18'',116'',Backlit Fabric with Silicon Strips,,,,,0,Backlit,Facade,Generic,Generic,
22,South,C,Chetpet,6GFFB3,51'',117'',Backlit Fabric with Silicon Strips,,,,,0,Backlit,Facade,Generic,Generic,
23,South,C,Chetpet,6GFFB4,51'',116'',Backlit Fabric with Silicon Strips,,,,,0,Backlit,Facade,Generic,Generic,
24,South,C,Chetpet,6GFFB5,18'',116'',Backlit Fabric with Silicon Strips,,,,,0,Backlit,Facade,Generic,Generic,
25,South,C,Chetpet,6GFSV1,Actual,Actual,Translite Flim,,,,,0,Frontlit,Sensomatic,Generic,Generic,
26,South,C,Chetpet,6FFV2,24'',79'',Backlit Fabric with Silicon Strips,,,,,1,Backlit,Pillar,Kids,Kids,
27,South,C,Chetpet,6FFV6,24'',79'',Backlit Fabric with Silicon Strips,,,,,1,Backlit,Pillar,Lingerie,Ladies,
28,South,C,Chetpet,6FFV8,24'',79'',Backlit Fabric with Silicon Strips,,,,,1,Backlit,Pillar,Lingerie,Ladies,
29,South,C,Chetpet,6FFV9,24'',79'',Backlit Fabric with Silicon Strips,,,,,1,Backlit,Pillar,Lingerie,Ladies,
30,South,C,Chetpet,6FFV11,24'',79'',Backlit Fabric with Silicon Strips,,,,,1,Backlit,Pillar,Ladies Western,Ladies,
31,South,C,Chetpet,6FFV12,24'',79'',Backlit Fabric with Silicon Strips,,,,,1,Backlit,Pillar,Ladies Western,Ladies,
32,South,C,Chetpet,6FFV13,24'',79'',Backlit Fabric with Silicon Strips,,,,,1,Backlit,Pillar,Ladies Western,Ladies,
33,South,C,Chetpet,6FFV14,24'',79'',Backlit Fabric with Silicon Strips,,,,,1,Backlit,Pillar,Ladies Western,Ladies,
34,South,C,Chetpet,6FFV15,24'',79'',Backlit Fabric with Silicon Strips,,,,,1,Backlit,Pillar,Ladies Western,Ladies,
35,South,C,Chetpet,6FFV16,24'',79'',Backlit Fabric with Silicon Strips,,,,,1,Backlit,Pillar,Ladies Western,Ladies,
36,South,C,Chetpet,6FFV17,24'',79'',Backlit Fabric with Silicon Strips,,,,,1,Backlit,Pillar,Ladies Western,Ladies,
37,South,C,Chetpet,6FFV19,24'',79'',Backlit Fabric with Silicon Strips,,,,,1,Backlit,Pillar,Home,Home,
38,South,C,Chetpet,6FFV20,47'',79'',Backlit Fabric with Silicon Strips,,,,,1,Backlit,Pillar,Kids,Kids,
39,South,C,Chetpet,6SFV1,24'',79'',Backlit Fabric with Silicon Strips,,,,,2,Backlit,Pillar,Mens Formal,Mens,
40,South,C,Chetpet,6SFV2,24'',79'',Backlit Fabric with Silicon Strips,,,,,2,Backlit,Pillar,Mens Formal,Mens,
41,South,C,Chetpet,6SFV3,24'',79'',Backlit Fabric with Silicon Strips,,,,,2,Backlit,Pillar,Ugs,Mens,
42,South,C,Chetpet,6SFV5,24'',79'',Backlit Fabric with Silicon Strips,,,,,2,Backlit,Pillar,Mens Denim,Mens,
43,South,C,Chetpet,6SFV6,24'',79'',Backlit Fabric with Silicon Strips,,,,,2,Backlit,Pillar,Mens Denim,Mens,
44,South,C,Chetpet,6SFV7,24'',79'',Backlit Fabric with Silicon Strips,,,,,2,Backlit,Pillar,Mens Denim,Mens,
45,South,C,Chetpet,6SFV8,24'',79'',Backlit Fabric with Silicon Strips,,,,,2,Backlit,Pillar,Mens Denim,Mens,
46,South,C,Chetpet,6SFV9,24'',79'',Backlit Fabric with Silicon Strips,,,,,2,Backlit,Pillar,Mens Denim,Mens,
47,South,C,Chetpet,6SFCC1,140'',33'',Backlit Fabric with Silicon Strips,,,,,2,Backlit,Cash Counter,Mens ,Mens,
48,South,C,Chetpet,6DS01,16:9 Aspect Ratio,,MP4/JPEG,,,,,,Digital,Digital,Generic,Generic,
,,,,,,,,,,,,,,,,,
1,South,A,Orion,294FB1,136'',89'',ESML,,,,,0,Frontlit,Façade,Generic,Generic,
2,South,A,Orion,294GFW1,68'',122'',GB Vinyl,,,,,0,Frontlit,Window,Generic,Generic,
3,South,A,Orion,294GFW2,"64""","121""",Backlit Fabric,,,,,0,Frontlit,Window,Generic,Generic,
4,South,A,Orion,294SOH1,37'',111'',ESML,,,,,0,Frontlit,Pillar,Ladies Western,Ladies,
5,South,A,Orion,294SOH2,37'',111'',ESML,,,,,,,,,,
6,South,A,Orion,294SOH3,37'',111'',ESML,,,,,,,,,,
7,South,A,Orion,294SOH4,37'',111'',ESML,,,,,,,,,,
8,South,A,Orion,294SOH5,37'',116'',ESML,,,,,,,,,,
9,South,A,Orion,294SOH6A,37'',116'',ESML,,,,,,,,,,
10,South,A,Orion,294SOH6B,37'',116'',ESML,,,,,,,,,,
11,South,A,Orion,294SOH7A,41'',123'',ESML,,,,,,,,,,
12,South,A,Orion,294SOH7B,41'',123'',ESML,,,,,,,,,,
13,South,A,Orion,294SOH8,37'',117'',ESML,,,,,,,,,,
14,South,A,Orion,294SOH9,37'',117'',ESML,,,,,,,,,,
15,South,A,Orion,294SOH10,37'',95'',GB Vinyl,,,,,,,,,,
16,South,A,Orion,294SOH15,39'',57'',GB Vinyl,,,,,,,,,,
17,South,A,Orion,294SOH18,37'',118'',GB Vinyl,,,,,,,,,,
18,South,A,Orion,294SOH19,32'',93'',GB Vinyl,,,,,,,,,,
19,South,A,Orion,294SOH20,40'',120'',GB Vinyl,,,,,,,,,,
20,South,A,Orion,294SOH21,40'',120'',GB Vinyl,,,,,,,,,,
21,South,A,Orion,294SOH24,35'',96'',GB Vinyl,,,,,,,,,,
22,South,A,Orion,294SOH25,35'',95'',GB Vinyl,,,,,,,,,,
23,South,A,Orion,294SOH27,35'',95'',GB Vinyl,,,,,,,,,,
24,South,A,Orion,294SOH28,37'',117'',GB Vinyl,,,,,,,,,,
25,South,A,Orion,294SOH29,37'',95'',GB Vinyl,,,,,,,,,,
26,South,A,Orion,294SV1,24'',53'',VOSB,,,,,,,,,,
27,South,A,Orion,294SV2,24'',53'',VOSB,,,,,,,,,,
,,,,,,,,,,,,,,,,,
1,South,A,Cyberabad,54GFCC1,232'',76'',Backlit fabric with silicon strips,,,,,,,,,,
2,South,A,Cyberabad,54GFCC2,232'',74'',Backlit fabric with silicon strips,,,,,,,,,,
3,South,A,Cyberabad,54GFSV2,14'',56'',Translit film,,10,,,,,,,,
4,South,A,Cyberabad,54SOH2,47'',104'',Backlit fabric with silicon strips,,,,,,,,,,
5,South,A,Cyberabad,54SOH3,47'',104'',Backlit fabric with silicon strips,,,,,,,,,,
6,South,A,Cyberabad,54SOH4,46'',103'',Backlit fabric with silicon strips,,,,,,,,,,
7,South,A,Cyberabad,54SOH5,57'',106'',Backlit fabric with silicon strips,,,,,,,,,,
8,South,A,Cyberabad,54SOH6,59'',107'',Backlit fabric with silicon strips,,,,,,,,,,
9,South,A,Cyberabad,54SOH7,Actual,Actual,Backlit fabric with silicon strips,,,,,,,,,,
10,South,A,Cyberabad,54SOH8,Actual,Actual,Backlit fabric with silicon strips,,,,,,,,,,
11,South,A,Cyberabad,54SOH9,Actual,Actual,Backlit fabric with silicon strips,,,,,,,,,,
12,South,A,Cyberabad,54SOH10,Actual,Actual,Backlit fabric with silicon strips,,,,,,,,,,
13,South,A,Cyberabad,54SOH11,31,105,Backlit fabric with silicon strips,,,,,,,,,,
14,South,A,Cyberabad,54SOH12,35.5,104.5,Backlit fabric with silicon strips,,,,,,,,,,
15,South,A,Cyberabad,54SOH13,32.5,106,Backlit fabric with silicon strips,,,,,,,,,,
16,South,A,Cyberabad,54SOH14,Actual,Actual,Backlit fabric with silicon strips,,,,,,,,,,
,,,,,,,,,,,,,,,,,
1,South,D,Palladium,331FFV2,53'',123'',ESML,,,,,,,,,,
2,South,D,Palladium,331FFV3,,,,,,,,,,,,,
3,South,D,Palladium,331FFV4,,,,,,,,,,,,,
4,South,D,Palladium,331FFV5,66'',118'',ESML,,,,,,,,,,
5,South,D,Palladium,331FFV6,,,,,,,,,,,,,
6,South,D,Palladium,331FFV7,,,,,,,,,,,,,
7,South,D,Palladium,331FFSV2,21'',56|8,ESML,,,,,,,,,,
8,South,D,Palladium,331FFV9,29'',97'',Backlit fabric with silicon strips,,,,,,,,,,
9,South,D,Palladium,331GFSV1,15'',57'',Translit,,10,,,,,,,,
10,South,D,Palladium,331GFSV2,,,,,,,,,,,,,
11,South,D,Palladium,331GFV1,,,,,,,,,,,,,
12,South,D,Palladium,331GFV2,,,,,,,,,,,,,
13,South,D,Palladium,331GFV3,,,,,,,,,,,,,
14,South,D,Palladium,331GFV4,,,,,,,,,,,,,
15,South,D,Palladium,331GFCC1,,,,,,,,,,,,,
16,South,D,Palladium,331FFCC1,,,,,,,,,,,,,
,,,,,,,,,,,,,,,,,
,,,,,,,,,,,,,,,,,
1,South,,Sharath City Hyd,229GFSV2 ,13'',55'',Translit,,20,,,,,,,,
2,South,,Sharath City Hyd,229V1,51'',111'',Backlit Fabric with Silicon Strip,,,,,,,,,,
3,South,,Sharath City Hyd,229V2,35'',113'',Backlit Fabric with Silicon Strip,,,,,,,,,,
4,South,,Sharath City Hyd,229V3,36'',113'',Backlit Fabric with Silicon Strip,,,,,,,,,,
5,South,,Sharath City Hyd,229V4,35'',112'',Backlit Fabric with Silicon Strip,,,,,,,,,,
6,South,,Sharath City Hyd,229V5,,,Backlit Fabric with Silicon Strip,,,,,,,,,,
7,South,,Sharath City Hyd,229V6,35'',112'',Backlit Fabric with Silicon Strip,,,,,,,,,,
8,South,,Sharath City Hyd,229V7,35'',112'',Backlit Fabric with Silicon Strip,,,,,,,,,,
9,South,,Sharath City Hyd,229V8,35'',112'',Backlit Fabric with Silicon Strip,,,,,,,,,,
10,South,,Sharath City Hyd,229V9,,,Backlit Fabric with Silicon Strip,,,,,,,,,,
11,South,,Sharath City Hyd,229V10,,,Backlit Fabric with Silicon Strip,,,,,,,,,,
12,South,,Sharath City Hyd,229V11,54'',111'',Backlit Fabric with Silicon Strip,,,,,,,,,,
13,South,,Sharath City Hyd,229V12,51'',111'',Backlit Fabric with Silicon Strip,,,,,,,,,,
14,South,,Sharath City Hyd,229V13,,,Backlit Fabric with Silicon Strip,,,,,,,,,,
15,South,,Sharath City Hyd,229V14,"41""","124.5""",Backlit Fabric with Silicon Strip,,,,,,,,,,
16,South,,Sharath City Hyd,229V15,,,Backlit Fabric with Silicon Strip,,,,,,,,,,
17,South,,Sharath City Hyd,229V16,,,Backlit Fabric with Silicon Strip,,,,,,,,,,
18,South,,Sharath City Hyd,229V17,,,Backlit Fabric with Silicon Strip,,,,,,,,,,
19,South,,Sharath City Hyd,229V18,33'',107'',Backlit Fabric with Silicon Strip,,,,,,,,,,
20,South,,Sharath City Hyd,229V19,32'',104'',Backlit Fabric with Silicon Strip,,,,,,,,,,
21,South,,Sharath City Hyd,229V20,32'',104'',Backlit Fabric with Silicon Strip,,,,,,,,,,
22,South,,Sharath City Hyd,229V21,,,Backlit Fabric with Silicon Strip,,,,,,,,,,
23,South,,Sharath City Hyd,229V22,32'',106'',Backlit Fabric with Silicon Strip,,,,,,,,,,
24,South,,Sharath City Hyd,229V23,,,Backlit Fabric with Silicon Strip,,,,,,,,,,
25,South,,Sharath City Hyd,229V24,32'',104'',Backlit Fabric with Silicon Strip,,,,,,,,,,
26,South,,Sharath City Hyd,229V25,36'',111'',Backlit Fabric with Silicon Strip,,,,,,,,,,
27,South,,Sharath City Hyd,229V26,41'',111'',Backlit Fabric with Silicon Strip,,,,,,,,,,
28,South,,Sharath City Hyd,229V27,,,Backlit Fabric with Silicon Strip,,,,,,,,,,
29,South,,Sharath City Hyd,229V28,,,Backlit Fabric with Silicon Strip,,,,,,,,,,
30,South,,Sharath City Hyd,229V29,32'',106'',Backlit Fabric with Silicon Strip,,,,,,,,,,
31,South,,Sharath City Hyd,229V30,,,Backlit Fabric with Silicon Strip,,,,,,,,,,
32,South,,Sharath City Hyd,229V31,205'',67'',Backlit Fabric with Silicon Strip,,,,,,,,,,
33,South,,Sharath City Hyd,229V33,,,Backlit Fabric with Silicon Strip,,,,,,,,,,
,,,,,,,,,,,,,,,,,
1,South,,Warrangal,8540GFV7,50'',101'',Backlit Fabric with Silicon Strip,,,,,,,,,,
2,South,,Warrangal,8540FFV3,50'',100'',Backlit Fabric with Silicon Strip,,,,,,,,,,
3,South,,Warrangal,8540GFV6,42'',100'',Backlit Fabric with Silicon Strip,,,,,,,,,,
,,,,,,,,,,,,,,,,,
1,South,,Banglore Airport,40ARSOH1,26'',120'',GB Vinyl,,,,,,,,,,
2,South,,Banglore Airport,40ARSOH3,66'',60'',GB Vinyl,,,,,,,,,,
3,South,,Banglore Airport,40ARSOH2,57'',120'',GB Vinyl,,,,,,,,,,
4,South,,Banglore Airport,40BL2,"30""","120""",Backlit Fabric with silicon strip,,,,,,,,,,
5,South,,Hyd Airport,38BL1,27'',103'',Backlit Fabric with silicon strip,,,,,,,,,,
,South,,Royal Meenakshi,274FB1,"98.5""",118.5',ESML,,,,,,,,,,